# GroupLab range-statistic table, docs/STATISTICS.md sections 5 and 15.3. Generated by `grouplab stats range-table` with seed 20260914.
# Groups of n shots from a circular bivariate normal with sigma 1, statistics averaged over nGroups groups: ES extreme spread,
# FoM figure of merit, D bounding-box diagonal, RS Rayleigh sigma with the c4 correction. M mean, SD standard deviation, Q025 and Q975 quantiles.
n,nGroups,replications,ES_M,ES_SD,ES_Q025,ES_Q975,FoM_M,FoM_SD,FoM_Q025,FoM_Q975,D_M,D_SD,D_Q025,D_Q975,RS_M,RS_SD,RS_Q025,RS_Q975
2,1,10000000,1.772085847186472,0.9265547642238902,0.3179927964626922,3.84175490088633,1.1280998059338738,0.6027855270480275,0.19922420923802078,2.495479898380428,1.772085847186472,0.9265547642238902,0.3179927964626922,3.84175490088633,0.9997923761350119,0.5227525465616687,0.17940822340747226,2.1674780976236043
3,1,10000000,2.408828586217044,0.8920824467642564,0.8817540852883908,4.33662793211842,1.6925331704876863,0.6282357821389568,0.618224559810319,3.051052726057173,2.5396191996136563,0.9265421746329128,0.9380122304369313,4.525604082903923,0.9999999110101301,0.3630364966587191,0.37019977503215845,1.7758553827278878
4,1,10000000,2.7933007750357093,0.855846097522895,1.2956781732385936,4.627213762436336,2.058630063272756,0.6220147964736384,0.9602205952295932,3.379271366628241,3.0338184596312057,0.9053675706861335,1.4257949206765532,4.948703311017005,0.9999316413453682,0.2940391181270609,0.4733883821934928,1.6170049519592866
5,1,10000000,3.065985254031736,0.8268705772300197,1.6075905762164309,4.833203845368844,2.3259152372911216,0.6109271752345085,1.231942254200826,3.614566699305812,3.3958371092377306,0.8841560558284699,1.8071810234605457,5.2554524559659495,0.9999965026844142,0.2535894300575493,0.5385947770015883,1.5274785324552824
6,1,10000000,3.2755331168553123,0.8037957830645837,1.8522359027233113,4.9925803366504935,2.5345915299964545,0.5998596853032657,1.452298669980075,3.794014423366076,3.679461823246739,0.865518629652447,2.1151969878173187,5.4951248892575935,1.0000559955103696,0.22631096799022032,0.5841111805931294,1.4679029233410326
7,1,10000000,3.444089123845361,0.7835786118624201,2.055464149115268,5.118344672965138,2.7044171263296413,0.5889178812609035,1.6378880718843178,3.937893749646605,3.9109832654660335,0.8481442783288496,2.3739331809381166,5.687134038261522,1.0000318352416757,0.20605396261363712,0.6189865774555052,1.4237823968824042
8,1,10000000,3.585364123854965,0.7673737124271562,2.224817906648744,5.226357604526414,2.8472419060596748,0.5795537772072453,1.7940952864799438,4.0598514897303986,4.106333261726951,0.8337629118676864,2.5914600388385107,5.851448449903954,1.0000402610738344,0.19053399167929386,0.6457744163458804,1.3904150219398215
9,1,10000000,3.7061257313092177,0.7536740636336838,2.3692234039045754,5.319048957444927,2.97009171299116,0.571192955666755,1.929940635540856,4.163158111827968,4.274793463674774,0.821123187302291,2.780080409506361,5.991054782890724,1.0000433100226311,0.17810381775935927,0.6672301261222353,1.363641487688886
10,1,10000000,3.811428313317949,0.7417384296791311,2.497234514287505,5.3993307491772375,3.0774131122259614,0.5637263273637015,2.051000872628794,4.254708544368727,4.422187488712023,0.8099160725568908,2.9485372084666297,6.11579962310844,0.9999731167692408,0.1677794945408436,0.685543476037083,1.341708009989599
11,1,10000000,3.9047700024259164,0.730566493915054,2.609419195743894,5.469138160080288,3.1728203815409968,0.5567548400561197,2.157034029286204,4.335414631456272,4.553451779694029,0.7995208768113495,3.096386072053706,6.224709497429007,0.9999863076486913,0.15908369384180757,0.7010513666465781,1.3232985531705743
12,1,10000000,3.988413321626742,0.7210698798992715,2.7118593447153327,5.535155166213921,3.2584157507671683,0.550351103272326,2.2547416164115246,4.408078833854868,4.671422366978762,0.7901426801426957,3.2322230619481336,6.32380599100068,0.9999936937174209,0.15155382357245437,0.71441418914717,1.307730676717539
13,1,10000000,4.063968031540094,0.7124939037348624,2.8044489564910076,5.593872470546047,3.3360802122080413,0.5447577319500367,2.3427186871731225,4.474051511105393,4.778556686702648,0.7818722398759059,3.35427638018641,6.414078889427048,1.0000267045588995,0.14503963521800317,0.7265098985773479,1.2940900051274906
14,1,10000000,4.132951616577496,0.7049062575335742,2.8874239894469436,5.646907563547659,3.4068544474992253,0.5396710921987825,2.4230591166858284,4.534317298487864,4.876318583162131,0.7743929560528944,3.4667263958690695,6.49615871751797,1.0000253921401991,0.13937535893080363,0.7368119848947255,1.2822176538609042
15,1,10000000,4.195911062745869,0.6975835568963201,2.963780897357897,5.695346755998344,3.4717153212564633,0.5346724363311505,2.4967939794327396,4.589248768565791,4.965908906691936,0.7670657439065962,3.56953436692584,6.571491582193367,0.9999826638965277,0.13417648642955288,0.7460916587372877,1.2714080621596635
16,1,10000000,4.254642719791287,0.6910484312979902,3.0354193714749824,5.742151766176325,3.5320276404644058,0.5303180914123793,2.5652856268852977,4.6408924232507545,5.0494537998503555,0.76073431320075,3.664980458069183,6.642611818316117,0.9999958510516556,0.12963090683546144,0.7544061638385007,1.2618862303893632
17,1,10000000,4.308702087714242,0.6852668833881121,3.1003006470273595,5.784223708809932,3.5879400602479383,0.5261950807665996,2.6288821404567937,4.687702864917046,5.126813188096242,0.7547394911575945,3.753500472343045,6.706662658972727,1.0000095200709005,0.12548929576681336,0.7621326372112903,1.2532413115763714
18,1,10000000,4.359620232151283,0.6796195264064647,3.1617428399388747,5.823679882462485,3.640292441801419,0.5222435165209787,2.687743875770814,4.732482267147788,5.199408270287743,0.7490140626600652,3.8358029504692506,6.768324102220303,1.0000269032689226,0.1217166611037114,0.7689219719477818,1.245432417622506
19,1,10000000,4.406620823420276,0.674397382266531,3.2185949222365084,5.8611823986559966,3.6889945384688696,0.5187196464705557,2.7435401501390992,4.774185834182751,5.266890530939471,0.7438288150289656,3.913353434048016,6.825310965543017,1.0000300730731482,0.11824428574797222,0.7752060566102461,1.238080268658002
20,1,10000000,4.451252640389479,0.669423444718055,3.2733693091575415,5.895969774713982,3.7350680605735502,0.5152195035713848,2.7964047818515323,4.813529274226262,5.330829493345568,0.7387317674351465,3.9871533714711336,6.879436998555367,1.000016212063987,0.11504808440393,0.781145921012651,1.2315968680273595
21,1,10000000,4.493111572175518,0.6650204343637526,3.3238755806578713,5.928434832232243,3.7782982294815928,0.5121482235977926,2.8454799081232878,4.850272771424593,5.390800664327731,0.7342736802402492,4.056038390103054,6.93001770338589,0.9999979892985796,0.11219656248040236,0.7863946300984599,1.2258230532726397
22,1,10000000,4.5329297665058705,0.6606310507535766,3.3724144362697337,5.960637706084457,3.8194564337387895,0.509063063087237,2.8921804558675213,4.885224104691605,5.44796086745903,0.7297913991501926,4.121159442689416,6.978319448632195,1.0000042233944115,0.10944328448598005,0.7915318053787448,1.2199786919410027
23,1,10000000,4.570630349131437,0.6566237983446979,3.4173480288808875,5.9902012632038835,3.8583402711649515,0.5061986821569205,2.936428866699172,4.918683494242288,5.502001611778653,0.725663117132024,4.182968449594481,7.024319920907901,1.0000530458639902,0.10693207793807927,0.796157814453552,1.2149702149389854
24,1,10000000,4.606093052345356,0.6531347710293854,3.4596537103387996,6.018456970141172,3.894901644539679,0.503710467159395,2.9777504288535233,4.949595060167311,5.552810011368059,0.7220255556692282,4.240890650274587,7.067530056010955,0.9999296756232089,0.10456907397445953,0.800444315764776,1.2099433814255431
25,1,10000000,4.64061132499794,0.6489190521722278,3.5016454343725125,6.044383265263108,3.930607935955997,0.5009903797893837,3.01871107679969,4.979960865091299,5.602487011746901,0.7180513910220823,4.297928922877604,7.109114183128901,0.9999810766780606,0.10231164019084928,0.8045020655675678,1.205280051752321
26,1,10000000,4.672883039396787,0.6458619523707179,3.5405875662640667,6.070609619943622,3.9641050922334515,0.49855401285986173,3.056816255610784,5.008375986663896,5.649041110350554,0.7145635107067059,4.351001006732769,7.1482690040419135,0.9999620128483759,0.10026573478753995,0.8084049523219615,1.20110796063896
27,1,10000000,4.70423435815652,0.6425260196925056,3.578074346485969,6.095470125805195,3.9964576337403948,0.4961179245048688,3.0936420146757198,5.035714253721867,5.694082643797387,0.7110197488518168,4.4029697944056085,7.185806622775865,0.9999710962615144,0.09830666468931049,0.8120806136921498,1.1970769333435667
28,1,10000000,4.734151993433842,0.6395727846185076,3.6138521342252634,6.119746322563323,4.0276054375914905,0.49406622609304196,3.1288677811269037,5.063340344107716,5.737439154979219,0.7080346900198038,4.4524598317853545,7.223966199840738,1.0000312683129051,0.09646115838564755,0.8156651740948795,1.1934112736363574
29,1,10000000,4.7625808515447385,0.6363158505884133,3.6482522107754174,6.141112586337154,4.056959450050141,0.49184367160338494,3.162407823942739,5.08838726974114,5.778283986341777,0.7047887044281347,4.499081833029129,7.258577520733001,0.999992705080084,0.09472597259488917,0.8187584150388957,1.1898988933599517
30,1,10000000,4.7901776218241645,0.6337865529863028,3.6809335075979477,6.164126302630603,4.0854413840315456,0.4899259881429191,3.1949214399477057,5.11306920199748,5.817949369443465,0.7020185177710362,4.5444926068485145,7.293004211212701,0.9999905018481663,0.09309517134910719,0.8217395628871659,1.1863728653614785
31,1,10000000,4.816352943298499,0.6305931792036342,3.7133993135175336,6.184385921556825,4.1129026871509495,0.48769524432673006,3.2263969617883212,5.136382976518287,5.856163218878817,0.6987744597983463,4.58848683675006,7.325029164943765,0.999981922430365,0.0914355127102239,0.8248106079330638,1.1830940980228417
32,1,10000000,4.842310680001476,0.6283979510215137,3.743603769274919,6.205691611768442,4.139490360334207,0.4862055767770142,3.2557342430136846,5.1592484366776,5.893233097473793,0.69660764701136,4.629630704778417,7.356571920960795,1.0000236484423346,0.08998925560164484,0.8275615272064681,1.180234405656714
33,1,10000000,4.866902063324973,0.6257758249548895,3.773478110579242,6.225925963002434,4.164828483272231,0.48405195669322004,3.2851167247941553,5.18040170412163,5.928585412039964,0.6935370085797967,4.670704506330036,7.38635178097874,1.0000096066494293,0.08854794165028529,0.8303193426531954,1.1771411293395648
34,1,10000000,4.890403858066569,0.6233073727621263,3.8016674249130893,6.244049099566799,4.189397298205082,0.4823388986548002,3.3134620814920885,5.201692555908894,5.962826410763684,0.6910413761957469,4.710583072298767,7.415997710128179,0.9999700077328844,0.08720972906926958,0.8328132375550834,1.174455621412518
35,1,10000000,4.91337099813433,0.621256011881307,3.8286590028188487,6.26240333820079,4.212890660128847,0.48066934202526523,3.3395930136226117,5.222187931295115,5.995605648442616,0.6886720406763868,4.746938171434004,7.444282020549643,0.999946582199132,0.08589757618087376,0.8352779427411313,1.1717698042236828
36,1,10000000,4.935848884290075,0.6187183012600431,3.85623623241784,6.280187731680573,4.236385450937726,0.4791833468271808,3.366270943302915,5.242407374957698,6.028354215190722,0.6864543233339933,4.78430834947295,7.4722070027113086,1.0000201398267505,0.08465185790703121,0.8376258030910223,1.1693604391631656
37,1,10000000,4.957151855836314,0.616595333105477,3.8817453609351387,6.298008992571469,4.2585910101649995,0.477557082868558,3.3916668195807844,5.261354000357923,6.059324324157757,0.6841131001372954,4.81985744778517,7.4986071041510876,0.9999800720109276,0.08347211323741863,0.8396920368927393,1.1667348641734647
38,1,10000000,4.978245715482702,0.6147019418685327,3.9065533412848024,6.31449957188888,4.28016045098254,0.4760064066188967,3.416240965108495,5.280739792409483,6.089420188698965,0.6818759811735962,4.854402852225438,7.524535576530047,0.9999860817896697,0.08233270287676753,0.8419833563742082,1.1644772122692626
39,1,10000000,4.998721420858091,0.6128202355617354,3.930654577942328,6.330863329836425,4.3014481287285,0.474625476109827,3.439924856183437,5.2984888685787705,6.119140812532337,0.6798987780741521,4.88773018436556,7.549492870721132,1.000030317989551,0.08126633503083668,0.8439766639065517,1.1624018607936166
40,1,10000000,5.018025996953858,0.6105774323141644,3.953928065623359,6.3462674698597485,4.321550429749043,0.4731516838269587,3.4628591441151477,5.315844069054086,6.147196718085915,0.6777266289719172,4.920103592286548,7.57360035704852,0.9999751627778816,0.08018879372890123,0.8459870021566176,1.1601906924032996
41,1,10000000,5.0372370256784516,0.6087818133500199,3.976643449906817,6.362423788915004,4.341516486249581,0.4717213985788243,3.4860188750651555,5.332839849550619,6.175063814310328,0.6756632272518871,4.952604338993556,7.597981679477825,1.0000462836824338,0.07919856131512039,0.8478675085463233,1.1582749665464942
42,1,10000000,5.05561458191207,0.6068429694876714,3.9992856948403324,6.376341118905533,4.3604260674031705,0.47041763477938264,3.5075626393898136,5.349460843805538,6.201452274320406,0.6737828156487545,4.9825700593179425,7.620574212632174,0.9999680240531853,0.07821578253054999,0.8497812480455668,1.1561394387725086
43,1,10000000,5.073373623039678,0.6049572934623054,4.020506642806725,6.391073155594187,4.378968026842102,0.46894078720899723,3.5284872379895442,5.364418764629348,6.227328684255393,0.6716332204091622,5.011950010580546,7.641799598464712,0.9999355269584369,0.07724323147189655,0.851490894879716,1.1540298922321446
44,1,10000000,5.091445626699165,0.6034384459484657,4.042019566662261,6.405894477030378,4.397695181677097,0.46769543712105055,3.5495365415616362,5.380545953776733,6.253495540932451,0.6698871060481437,5.04147497334688,7.663804020848902,0.9999985601593556,0.07633623863237173,0.8533365529092524,1.1522365041300913
45,1,10000000,5.108601908044386,0.6019093263019735,4.061859595462488,6.419754583771522,4.415553769701895,0.4667273234710763,3.5697306144873746,5.397254796369749,6.278450817925207,0.668495719093085,5.069649631612119,7.687668344769853,1.000007384134729,0.07547209302609843,0.8548605548040699,1.1506131421994747
46,1,10000000,5.125334857404914,0.6002167404709716,4.082079879586433,6.43332269243032,4.432906442406125,0.4655446152976798,3.5892890382414055,5.412206149070924,6.302653673502603,0.6667307345090465,5.097069024253715,7.7078351207076095,1.0000041019237993,0.07465140335503286,0.8564363121780607,1.1489145327032955
47,1,10000000,5.141565869734034,0.5986806000349921,4.100940608613572,6.445949156291039,4.449703330431158,0.4643563279528695,3.608382492302927,5.426513390099312,6.326141468600902,0.6650296197436262,5.123847946906649,7.72748809398218,1.000025906535024,0.07382005634952603,0.857963929733143,1.1472245084638797
48,1,10000000,5.157515787349003,0.5972447714069612,4.119505256417653,6.459594241491908,4.466107095605477,0.4634725821920664,3.626339512731814,5.440913633384662,6.349057537172704,0.6637623105794548,5.148867373912784,7.747983932334936,0.9999859635788814,0.07302611433519375,0.8594312854688448,1.1455927878001404
49,1,10000000,5.172894460915456,0.5954740014312352,4.1385818357626745,6.471029226399222,4.482240502534108,0.4619908755663942,3.6454251846368115,5.454419844665694,6.371591965713681,0.6615795750536312,5.175784994663878,7.766176339191978,0.9999866958142591,0.0722743874613447,0.8608330832428935,1.1440280740766537
50,1,10000000,5.188529952333749,0.5941421973342521,4.157298140990086,6.484667661440097,4.498109262751375,0.46110526571109756,3.663023589676433,5.468289878400041,6.393811670608983,0.66033672491287,5.200466395674422,7.7858495973702935,1.0000002997853576,0.07152118408375947,0.8624023458707096,1.1426502012003308
55,1,10000000,5.259293368863558,0.5875733697041239,4.2408670058356455,6.543219292326244,4.571883089471392,0.45621864034159865,3.7461952955831337,5.532848643391843,6.496906537109663,0.6532594695723595,5.317405963432894,7.875183476661529,0.9999923832891708,0.06810649787053376,0.8687314315268041,1.1356416631205988
60,1,10000000,5.323743273640755,0.5814263719844847,4.316704519346161,6.593930967214815,4.63868241879986,0.4516718121088622,3.82205938780693,5.5907810509728,6.590352467601016,0.6466718832761846,5.42356511455928,7.955981703426865,1.0000127107133283,0.06516024980125656,0.8742370210428321,1.1296285069664154
65,1,10000000,5.381880081895705,0.576115554181607,4.385203353721011,6.642972584462331,4.699029501186016,0.4478916451143699,3.8897308192162865,5.6436495877032575,6.674767715560962,0.641215570122925,5.5188088953901735,8.029458350935718,0.9999795928573817,0.06255175710038327,0.8792698349923207,1.1244289099628102
70,1,10000000,5.435444789738483,0.5714281621307027,4.447660484870231,6.687103266386425,4.754586951902688,0.44424479060048405,3.9522673985607484,5.691740818772779,6.752566393650586,0.6359316265511946,5.606438101104573,8.096757361840728,0.9999720264651377,0.060249630249797216,0.8835470092708105,1.1197531077534701
75,1,10000000,5.484815997622794,0.5668743383817371,4.506625426555276,6.727376900512612,4.805773468871009,0.4409387046907224,4.010230722018703,5.73665300314867,6.82424287690425,0.6311413386529493,5.688006164016871,8.159368734364845,0.9999931317813913,0.058166200260954176,0.887585949410382,1.1155977970442672
80,1,10000000,5.530585986652399,0.5627050364867718,4.560486940665907,6.764578432761504,4.853393711410006,0.43801073740909396,4.063294020593442,5.778330710620616,6.89092204598846,0.6268965658249571,5.762479095227691,8.217813658705799,0.999970192181529,0.05630597942704657,0.8912127285505077,1.1118723821381262
85,1,10000000,5.573717142044329,0.5590624748166599,4.610525165853241,6.800993006701758,4.898031737629322,0.43517908374870007,4.113296393345176,5.817231294602928,6.953475013296284,0.6228164143694063,5.832864059664447,8.271285337266805,0.9999924985837261,0.05460700832316632,0.8944670531325116,1.1084499073531322
90,1,10000000,5.613690932660334,0.55568626744585,4.656844644126532,6.8331676017729785,4.939457062986981,0.4325730657635543,4.1597530690859745,5.85336141753831,7.011555876654112,0.6190820032133847,5.898234106109146,8.321974743946138,1.0000325792257068,0.05302798615762605,0.8974690624261751,1.1052810668986888
95,1,10000000,5.651094732090688,0.5526147248540574,4.701291762649691,6.865560260217446,4.978357073987575,0.4302223506531987,4.203968975377802,5.8886679205786825,7.066058699870023,0.6156576782973505,5.96046222520412,8.370954756335646,0.9999951097722354,0.05161497722937805,0.9001175454545662,1.1023984943634189
100,1,10000000,5.686510725996397,0.5495790975585287,4.742612956133944,6.894804832791817,5.015216048190149,0.42782523212827567,4.244319436011836,5.919732218719586,7.11775966482998,0.6122105952111926,6.017288136439696,8.414316587554984,1.000000051381713,0.05027205419297278,0.9026760869680236,1.0997091920404323
2,2,10000000,1.772269347243623,0.6550022541531939,0.649517725661691,3.184986477682974,1.1282199573872012,0.4261343047859694,0.4075779587990672,2.0576242060397845,1.772269347243623,0.6550022541531939,0.649517725661691,3.184986477682974,0.9998959049558366,0.3695454489935343,0.36645113514795424,1.7969361944491873
3,2,10000000,2.408673623652995,0.6309376808091652,1.27746424928472,3.737293742231453,1.6924264466081835,0.44434215325505605,0.8960541445834868,2.6280590716823817,2.539429213238189,0.6552847029669344,1.3564398481549547,3.9112288170193685,0.9999293313628819,0.2567602146954695,0.5353505453536492,1.5361820623359637
4,2,10000000,2.7933636075891206,0.6052949002441446,1.6944251183792742,4.059214973479116,2.0587548255609294,0.43992227598046946,1.2548937719046573,2.973167661371993,3.033960625646135,0.6402982039929913,1.8590862292468509,4.360236344462214,0.9999963026393501,0.2079546838519939,0.6162439562749933,1.4285966703721584
5,2,10000000,3.066024129533522,0.5846604877294986,1.9996803954111562,4.286053076527026,2.325995135583524,0.43199848108651184,1.5297206683247728,3.218335397523723,3.395901615910302,0.6251652332585008,2.2410463577000734,4.685047734954944,1.0000190539020273,0.17931260131381618,0.6657291252321715,1.367002837997284
6,2,10000000,3.2754034756910415,0.5683152958954975,2.2372245886825795,4.4605442268711535,2.5344978287355957,0.42419554546044497,1.749193437673987,3.407938012958668,3.679332320961102,0.6120322311370227,2.5448213978402383,4.938614658832144,1.0000257773285341,0.16001666448510993,0.699937593929154,1.3257758740483037
7,2,10000000,3.4440672720225343,0.5542187907130849,2.430707049420723,4.599923798923124,2.704277113748598,0.4163843739544415,1.9306715232838823,3.5605979938653376,3.9108307867855294,0.5996924928550814,2.7965268855987224,5.14359260159924,0.9999835773043718,0.14570518138410044,0.7254056638872187,1.2956520348144087
8,2,10000000,3.585321873829566,0.5425836196736281,2.59351069197956,4.716897594583363,2.847177698109422,0.4097007339272243,2.085103369461135,3.688966521071756,4.1062684576948065,0.5894461979067589,3.0097214692033654,5.316834898725156,1.0000155897148708,0.1347229299333026,0.7453865468617099,1.272546465401476
9,2,10000000,3.7062828891536808,0.533067710806033,2.7322077833542786,4.8188375759083035,2.9701421150138545,0.4039298113280176,2.217854301725752,3.7991268466243424,4.274868317910038,0.580686557362107,3.1941483899658305,5.467110396167958,1.0000484587865532,0.1259492004170424,0.7612084209741946,1.2543085476244311
10,2,10000000,3.8115335270910204,0.5243678321538736,2.853727679413745,4.906581523585427,3.077522635728764,0.3986004727398786,2.334679929792613,3.8955375703803288,4.422330811409968,0.5726553863138775,3.355847311839406,5.597923234197522,1.0000057398503177,0.11864100038767612,0.774599336216653,1.2391134193306466
11,2,10000000,3.9049399919532783,0.5166645481858669,2.960874900476287,4.984831144196905,3.1729778944077895,0.39365612817929746,2.439089108762296,3.980680002577171,4.553698458036872,0.5653190329421819,3.500381947964497,5.714402115163503,1.0000285865697767,0.11247129662726425,0.7859787583254506,1.2265060335004208
12,2,10000000,3.9882821327309004,0.5099087663209939,3.0576190004637542,5.054452046130741,3.2583005571679444,0.3892276050975961,2.532811105582732,4.056721123572,4.671258206400666,0.5588108516033944,3.6305007528589184,5.8180953903491055,0.9999751022255838,0.10718392320033907,0.7956149373770496,1.2155195197469355
13,2,10000000,4.063916370180084,0.5039138730047277,3.1442779445212827,5.119156966599288,3.335990098197699,0.3852907766402704,2.6175545715843995,4.126690982629653,4.778455096697864,0.5530151908218793,3.747975771124702,5.913903688514092,0.9999992178561684,0.10258911371901841,0.8041683555451712,1.2059811572509418
14,2,10000000,4.133062891228865,0.4983875912697433,3.224964598323799,5.176817190763679,3.4068876081519046,0.3815118667134544,2.69572622262505,4.1895076835151475,4.876367570236175,0.5474656493713264,3.857069740421271,6.000584058471554,1.0000356773841395,0.09852009059617908,0.8118058985261365,1.197804481076208
15,2,10000000,4.19618027088139,0.49342373071784457,3.296824094397931,5.229714370093169,3.4719923810851956,0.37812107089152247,2.7669688679227797,4.247824887406695,4.966326100639534,0.542503725065989,3.9558215993366725,6.080681046501622,1.0000356168463604,0.09488395363581605,0.8185208982623586,1.1901680237640098
16,2,10000000,4.254822090369363,0.48875607043608865,3.364629288135772,5.279215140740519,3.532165142121611,0.37493255417080473,2.833099609946091,4.3016080265536285,5.04965387679347,0.53785635097506,4.047976548932326,6.154551865869281,1.0000342831651372,0.09165485356713374,0.8245588937797088,1.1836345151727212
17,2,10000000,4.308589975598334,0.4842686082847064,3.427131754474076,5.323572828541365,3.5878581458961785,0.37199744224660497,2.8946565748667714,4.351598796276315,5.126699542900377,0.5335367338080097,4.133450692457788,6.2230309036890725,0.9999848335019397,0.08871345779043043,0.8300115346937365,1.1774960172903683
18,2,10000000,4.359457416403281,0.48062536112518023,3.4851761682664915,5.368501358933026,3.6402405768813573,0.36937301887391727,2.9518322297622426,4.398577552291815,5.199320552179327,0.5297549744845161,4.213071120537932,6.288261993310655,1.0000136863924547,0.08606931660217297,0.8349309247825296,1.172205898218723
19,2,10000000,4.406520333354128,0.47686678323632053,3.5389854259373923,5.407920944941254,3.688886170901681,0.3668503461960212,3.0055675065824445,4.442445926844141,5.266738915736331,0.5260302966344721,4.287897670675856,6.3483439657581515,1.0000076853691335,0.08362476597131159,0.8395342236245537,1.1671491075742255
20,2,10000000,4.451316837043109,0.4734464101548312,3.590923577395929,5.445318315685567,3.735071456504795,0.3643683491687879,3.0557727175954548,4.483410919938956,5.3308289025652655,0.5224469396373502,4.358133847552135,6.404583881482989,1.0000231018455228,0.08137743521901232,0.8438123059585955,1.1626165920069027
21,2,10000000,4.493198920175486,0.4701763269210361,3.6391173808248993,5.481013858485014,3.778327139803204,0.36215585928222443,3.1038679528712643,4.522779020240786,5.390842205340169,0.5192217097481457,4.4250891709601925,6.459008505886776,1.0000038886052174,0.0793214267765258,0.8476719693033966,1.1584352154516069
22,2,10000000,4.532951668691573,0.4672546108780136,3.685004396121798,5.51548457179115,3.8193802517483277,0.35991113234086813,3.1492879848411626,4.558647496805153,5.447873040920882,0.5159967113246345,4.488585180773615,6.509215704290562,0.9999987167126665,0.07738667920048131,0.8513157278793769,1.1546002918927694
23,2,10000000,4.570623052760455,0.46422924730068965,3.7283360224457245,5.5466918141865476,3.858260803766922,0.35789590724218673,3.1920247515254174,4.593773591023868,5.501896021451869,0.5130461066151714,4.547887423267736,6.557397541137089,1.0000206650792902,0.07560935747552928,0.8546444336382428,1.1508828314499995
24,2,10000000,4.606345236730628,0.4615688721360499,3.7688849236810986,5.577113440033384,3.8951827580786524,0.35603248613227434,3.2325320145480667,4.6269138377732455,5.553206600832623,0.5103185542658825,4.604778325091287,6.603034391687716,0.9999652353117066,0.07391615149746633,0.8577910907037486,1.147432554817862
25,2,10000000,4.640489958289928,0.45877537260999685,3.8079699504635567,5.605723558059738,3.930548939120312,0.35419869289280603,3.2712763849813156,4.658294020195042,5.602386556624569,0.5076718582860752,4.65849848320626,6.646933843068446,0.9999874643735882,0.07235222660118668,0.8606799350068466,1.144238445605972
26,2,10000000,4.6728506164656185,0.4567398347172247,3.8449924366411423,5.634997946369239,3.9641500645375856,0.3525688542601645,3.308085352606339,4.689120702190609,5.649092495802205,0.5053062439657017,4.710160510335476,6.689292863455983,0.9999677411839022,0.07090966330944475,0.8634971410929466,1.1412791881659583
27,2,10000000,4.704342357461958,0.45432828943497433,3.881584005465373,5.661576169871925,3.9965874101771175,0.35081973109463294,3.3437292972643875,4.717784927417621,5.694271077486017,0.502772696161786,4.759787995447387,6.728997989848739,0.9999946608943323,0.06949111472382731,0.8661070873853246,1.1383954337698312
28,2,10000000,4.734200243405098,0.45216180601151845,3.9151255070872075,5.686711841804897,4.027566379495303,0.3493089700846962,3.3776810979518426,4.74605094241298,5.7373771509937255,0.5006193762959189,4.807370710027196,6.768287078739491,1.0000276637459597,0.06821148689818733,0.8686093503719217,1.135898780740734
29,2,10000000,4.762689743177186,0.4500634711291718,3.9483022217095893,5.7113503890769435,4.05696957906823,0.34782165956248146,3.4100510295609623,4.7728231491321775,5.778297530916848,0.4984140964186122,4.852670010485096,6.805310140106942,1.0000097596006383,0.06697197749878736,0.8709057060522253,1.1333804329103279
30,2,10000000,4.790156077798642,0.44809164234962096,3.979035906973537,5.734994554792281,4.0854712681806955,0.34638060104680923,3.4414865017703327,4.79825892265197,5.817996491129242,0.49633911103397005,4.8962870718769125,6.840546429613432,1.0000013114751882,0.06580537120709952,0.8731180292262428,1.1310287751296275
31,2,10000000,4.816518958560965,0.446062212345231,4.009435200464062,5.756956248165423,4.112902314768761,0.34489420665574455,3.471845810361895,4.822522823694475,5.856189998596192,0.4942057492971605,4.939040969419662,6.874105435988564,1.0000001400956189,0.0646717250370587,0.8752542661654673,1.1286708748704188
32,2,10000000,4.842165204516661,0.44430268090157277,4.038887740184784,5.779328866094862,4.139315934103617,0.34371822129837587,3.5005124831924093,4.846895211548588,5.892997640694543,0.49247188634372996,4.979070281938955,6.90802249372059,0.9999996782738497,0.0636246711365408,0.8773005225367974,1.126690775680403
33,2,10000000,4.866984126088383,0.442414094703186,4.0666906635006175,5.801306753104903,4.164861492956236,0.34229523836024683,3.528271257159949,4.86932894241616,5.928640314627482,0.49043031966563794,5.0181387726931455,6.939261735477172,1.000007818828545,0.0626106626643593,0.8791769850794063,1.1245581825554665
34,2,10000000,4.890518642721924,0.44085216988016424,4.094118789050212,5.820919580395972,4.189394945609191,0.3410403439992265,3.5555233592285145,4.89133055198811,5.962830224240126,0.48862741167648227,5.055953281030537,6.969802589067501,0.9999795581072185,0.061647791024322135,0.8809456118307382,1.1225236761047268
35,2,10000000,4.913610307504403,0.439196838179092,4.120180545468947,5.8404918132711865,4.213147213368822,0.33992101514406964,3.581233283994105,4.912740530516087,5.995955018090356,0.48699305377802093,5.091940255540175,6.999764850429334,0.9999933740032246,0.06076541408555802,0.8826859617634422,1.1208189027292768
36,2,10000000,4.935636952531283,0.437594574012112,4.144968623162177,5.859788175993671,4.236270952682473,0.3389168027760535,3.6061578324362467,4.934231534288037,6.02818648076681,0.48552396361282885,5.126732704065214,7.029192464083611,1.0000026470219263,0.059867037023996345,0.8844321093607409,1.119067542552989
37,2,10000000,4.9572522076717505,0.43598596961861685,4.16990913395854,5.878616928387236,4.258586997262345,0.3376751391689334,3.631422066822859,4.954202908279012,6.059311752530162,0.4837321454592791,5.1620056910271686,7.057204669704874,1.000002390203936,0.059015925191562346,0.8860596350808322,1.1172594089621861
38,2,10000000,4.978262130379919,0.43452038026548023,4.1941887548353405,5.896121811182362,4.280233688857478,0.336606986408138,3.6550777273749073,4.973690176405963,6.089528951520387,0.4821709752595361,5.195358833305324,7.084010839152329,0.9999929215655329,0.058216738965831225,0.8875147887079707,1.115655295131231
39,2,10000000,4.998701165885049,0.43314199280610977,4.216715847590791,5.913412981385016,4.301408592425755,0.33554034744731004,3.6777854584982617,4.992440281962196,6.11908144027484,0.4806527068349621,5.227204265191565,7.110227028906595,1.0000440411978988,0.05745699149379612,0.8890028711376153,1.114167869361688
40,2,10000000,5.018105189943329,0.4318073673943342,4.2392479821510065,5.931657251131537,4.32155021414896,0.3346082398519379,3.7001491339106907,5.011150741686466,6.147193252180844,0.47929930442581925,5.258381808728328,7.136302058295192,0.999990740395906,0.056701452819058126,0.8904538572922408,1.1127033007916691
41,2,10000000,5.037268803512682,0.4304620081635956,4.261069984037839,5.948084649485277,4.341437626272311,0.3335717470530722,3.722044988934678,5.029340901734173,6.174941244480372,0.47778661164426944,5.288849743251828,7.161634502137163,1.0000372856867648,0.05599696643863449,0.8917689241493058,1.1112707387843666
42,2,10000000,5.055750615322092,0.4291618373411276,4.2819090992198126,5.962708745880199,4.360511609899144,0.3326670537899708,3.742872443720309,5.045826485766684,6.201573129216812,0.4764783158065375,5.318227754228142,7.18452539057015,0.9999778354433527,0.055311443286826356,0.8930435264154406,1.1098097138014822
43,2,10000000,5.0737392990696994,0.4277385564366632,4.302611762458001,5.978063215045018,4.379301092308248,0.33157260468761507,3.7636677709985795,5.0627002081248005,6.227814450703781,0.4748847323898902,5.347249448723788,7.2079912201649865,0.9999819612542903,0.054615389467958214,0.894337262430989,1.1083469870368146
44,2,10000000,5.091474585302715,0.4267318288030499,4.322510988535882,5.994744234069992,4.397694615071983,0.330819202989774,3.7835338440554724,5.079517757563331,6.253498235421888,0.47381886930312417,5.37511650886891,7.231404890128964,0.9999866262721494,0.053984654463085605,0.8955601517926397,1.1071423591142489
45,2,10000000,5.108715156822814,0.42559974403227024,4.341847668245623,6.008947058384739,4.415601410901952,0.33005585136024906,3.8029663145529504,5.095817363216936,6.27851011961402,0.4727297255293832,5.4025039823419005,7.254244275415798,1.0000064816294356,0.05335884094815362,0.896791819580883,1.105883638840832
46,2,10000000,5.125415366292829,0.4245134026370418,4.360569445821373,6.023890227371761,4.432874332564089,0.32918372381947586,3.82198844827918,5.111418958077577,6.302619544682733,0.47145682507883524,5.42896802120151,7.2757363558493156,1.0000021676438353,0.05278629009580749,0.8979384925319035,1.104777594378497
47,2,10000000,5.14148516671347,0.42338290516662047,4.379026669842314,6.037833665013337,4.449595946452901,0.3284026328824273,3.8403067747638415,5.126477625783636,6.325982565837534,0.470322117893803,5.454640825535348,7.296619063464379,1.0000121893069207,0.052189604466587665,0.8989880142478386,1.1035750020578465
48,2,10000000,5.157558414692557,0.42228150415882665,4.397421083749399,6.051394683871647,4.466209254561028,0.3276848722902389,3.858276251188106,5.142247994555154,6.349200753469859,0.46928688540718255,5.479834184319031,7.318636403123378,1.0000044697922577,0.05163769606194573,0.9000907667032702,1.102418135138563
49,2,10000000,5.17291740295392,0.4210178890443978,4.41475779007496,6.064294838093675,4.482244880042883,0.3266031514241097,3.8763865356257083,5.156268355178681,6.371605107474046,0.4677112577788773,5.505244797599897,7.337886743287767,0.9999869918870548,0.051093147178663686,0.9011071855347875,1.1012944331557488
50,2,10000000,5.188513967641751,0.4200713007307669,4.4322083632929035,6.078258271784783,4.498192621941656,0.3259981334337287,3.8935308102710313,5.1706702923034955,6.393915340969438,0.46685598386265487,5.529392017311796,7.358160637209917,1.0000137103332105,0.05056433233372925,0.9021498627883308,1.1003499203759537
55,2,10000000,5.259346849807129,0.4153472215636909,4.512663234279633,6.1401809592527785,4.571902449227882,0.32250993402606987,3.9739558173942506,5.237574739148287,6.496935698830958,0.46179903328653615,5.642099298301082,7.451149326871261,0.9999853583339657,0.048164450315207746,0.9067194993347859,1.0954725074346776
60,2,10000000,5.323782609983104,0.4112218482415536,4.585283244444608,6.196145937594801,4.63867992024734,0.31941576680880424,4.0470974059685805,5.298325567373001,6.590355380226365,0.45731674003724426,5.744673859613055,7.536144307792448,0.9999984137845788,0.046077282596744776,0.9107549374302386,1.0912993782570075
65,2,10000000,5.382160577392952,0.4074635410307218,4.650993611154661,6.246820071651411,4.699223977939402,0.3167080303946825,4.112941043679659,5.353508042866668,6.67506799619323,0.45341118765521676,5.836982939707769,7.612878558425675,1.000017897138836,0.04424666889292807,0.9142815557330557,1.0875870281132696
70,2,10000000,5.435678406195697,0.40410293712250284,4.711086741806278,6.294039063006998,4.754732913122991,0.3141541309201049,4.173138370053919,5.404074618344775,6.752791157345078,0.44971399344500834,5.921478254308689,7.683398781960384,0.9999959302082774,0.04260588333223795,0.9173064669805413,1.084390244276493
75,2,10000000,5.484829019009086,0.4008260732934568,4.766446208539625,6.336860495386479,4.805750059933772,0.3117297576881357,4.228870488208489,5.4500356895395115,6.824212628566252,0.446200637684135,5.9996675649055895,7.747285003942195,0.9999857425054278,0.041154416579436255,0.9201451714557418,1.0814270104109387
80,2,10000000,5.530685873899959,0.39791649588972827,4.818123162149843,6.376534623733816,4.85344802246562,0.3097030304057215,4.2806228354237215,5.49381316378122,6.891003680825103,0.4432480805087908,6.072507766203055,7.808899047032138,0.9999925422057265,0.03982716467228787,0.9226739278546208,1.0788072295938518
85,2,10000000,5.573706143163908,0.3953475145823808,4.865941234074579,6.415017809050824,4.897975663641846,0.30775195382382103,4.32898689547763,5.53449224452071,6.95339996944063,0.44043767622146707,6.14025705932901,7.865505394664978,0.999990335104486,0.03860338824340794,0.9250676495917155,1.0763425191541705
90,2,10000000,5.613668432441169,0.3928979283868735,4.911157525601726,6.450296058094421,4.939449820003151,0.3058415077698294,4.374150635707536,5.572590721320949,7.011537301674734,0.43770105565041356,6.203948203650742,7.91893926054899,1.0000228998912968,0.03749007621147295,0.927226750129444,1.0741551344077478
95,2,10000000,5.651176374936138,0.3907347758187331,4.952960046018247,6.482972862669949,4.978376935470319,0.3042481254147198,4.415993074906428,5.608207404902793,7.066089022954807,0.43538805224307103,6.262501172571636,7.968545251921186,1.0000034558356217,0.0364895010928327,0.9290854920304984,1.0721369472063995
100,2,10000000,5.686648189222504,0.3885173131123395,4.992587630865907,6.514134293068262,5.015322873000639,0.30243893444761943,4.456653041301666,5.641167992123998,7.117906979081085,0.43278517084735124,6.319741140363649,8.014730146914994,1.0000013087241257,0.03554657629020157,0.9309371721442801,1.0702214593851773
2,3,10000000,1.772116593816661,0.5349253441313195,0.8266761054723426,2.9074298171718995,1.128137626244271,0.34801397144083057,0.5200821816787248,1.8733905405178528,1.772116593816661,0.5349253441313195,0.8266761054723426,2.9074298171718995,0.9998097230634947,0.30179930713458475,0.4664020476753208,1.640341617744539
3,3,10000000,2.4085574379076107,0.5151908984916851,1.4676593038514987,3.4799953907221015,1.6923479543668638,0.36283262921714865,1.0296779100104532,2.446908331086594,2.5393125199690036,0.5351010748363423,1.5563297990926621,3.646739823320347,0.9998857186335511,0.20966815878894443,0.6140771462042598,1.4329399299662187
4,3,10000000,2.7933023638430257,0.49415592352460447,1.8819272982186286,3.815191436374976,2.0586909328466363,0.359208750620979,1.3927226789947773,2.7975573785437238,3.033893071376334,0.5228282301704368,2.0614570397361316,4.106825732096455,0.9999652001394911,0.1697998147381859,0.6826459958780507,1.346965003748783
5,3,10000000,3.065944470858619,0.47734146465992155,2.183091594127519,4.050955543193188,2.3259810914499517,0.3526920188479296,1.6677735472017745,3.047668868642849,3.3958692475852295,0.51041217574139,2.4419809884243073,4.439162777181576,1.0000046354319954,0.14640207197727426,0.7244068687270265,1.2972832049395264
6,3,10000000,3.275255036955097,0.4639807393570915,2.4165820078276696,4.232637339592194,2.534474039512022,0.3463417841643456,1.8859845966441056,3.241998991737312,3.679255112206658,0.4996917597566111,2.7429826293943425,4.699433180342726,1.000012223435748,0.1306452216616132,0.7529179341095994,1.2642597029388618
7,3,10000000,3.4441535960147127,0.45264452347017997,2.6054709049038656,4.378098669200188,2.7043043360777683,0.3400694307483211,2.0658723236313086,3.39763425374671,3.910882767219554,0.48981369492598437,2.991397286442109,4.909443927927003,0.9999895056369085,0.11899816623326463,0.7739577309414938,1.2399590302071972
8,3,10000000,3.5853094642811962,0.443013991651265,2.764023306415553,4.499893629776368,2.847169348419586,0.33458729735563886,2.21834302338836,3.5288441617536237,4.106250227943603,0.4813411972911838,3.2016894680456955,5.087216177735883,1.000010392499205,0.11002205736600665,0.7905625696421155,1.2213254669126963
9,3,10000000,3.706363050948409,0.43520612317560003,2.9002263451571992,4.604409882902855,2.970145357159077,0.3298454501426594,2.3497272421136515,3.6417936315349433,4.274881768480588,0.4741632668991838,3.3830793182892815,5.240333690321902,1.0000353575431058,0.10283203251864152,0.8037731829693212,1.2065920001894044
10,3,10000000,3.811371168081162,0.4281034074094466,3.0186823290020515,4.695405811331721,3.0773708325666735,0.32544663204870594,2.4647426941895922,3.7393385157711276,4.422111484509424,0.4675704783939456,3.5425604583284986,5.3734040644166,0.9999534833501174,0.09687376038917514,0.814757075571638,1.194228527334441
11,3,10000000,3.9048403040650315,0.42188404839532995,3.124163278700891,4.776464065992246,3.1728817649088534,0.3214242310021467,2.5676136324318084,3.8270626680759676,4.553560741269146,0.4615916978262491,3.6849560566916093,5.493268921064275,1.0000094690741608,0.09184455276088625,0.8242452204379076,1.1839650788211848
12,3,10000000,3.988359322833401,0.4163793471911791,3.2180043041033968,4.849040185909867,3.258346699016528,0.31775798115364845,2.66009047570228,3.904641701917881,4.671329957396733,0.45622637009484046,3.812880008224505,5.599980441295097,0.9999880110178785,0.08750474415906187,0.8321712825353221,1.1751688396106819
13,3,10000000,4.063808761858199,0.41136316436678594,3.303267737617674,4.914768065312833,3.33588180768894,0.31449585388582424,2.7443530749679383,3.9760527693309315,4.778303603311725,0.45139215939689037,3.9299645217452923,5.697797490590886,0.9999727442878693,0.08374422912656614,0.8393488318554747,1.1674267523937052
14,3,10000000,4.132994606274874,0.4068799873074063,3.3809025315463495,4.9750045980530055,3.4068792838309148,0.31153027934547317,2.820336299918853,4.041442767667291,4.876355820641949,0.4470350589587533,4.035567810839144,5.78750440441791,1.0000386044504834,0.08045164661766856,0.8455499212929243,1.160951396527116
15,3,10000000,4.196210222321713,0.4029140875609933,3.4518404725491347,5.030211436843646,3.4719363382432364,0.30875829976990765,2.8907887513122157,4.100282614340059,4.966260873618356,0.44300397874306346,4.132973903085535,5.86824080325704,1.0000362371801457,0.0774877394365817,0.8511468778561077,1.154754239104637
16,3,10000000,4.254636130995653,0.3989838682229435,3.5179618333666287,5.081312207647365,3.5320682352635293,0.3060539025149831,2.9560854538348003,4.155239644538002,5.049499661138391,0.4390567857223295,4.224041712122727,5.944104644403527,1.0000049819690155,0.0748299099794488,0.8561116050296657,1.1493271534762157
17,3,10000000,4.308536663697872,0.3955271169658657,3.578655972523321,5.127620634459004,3.5877788037888547,0.3037440704192356,3.0162232265137052,4.206201431754035,5.126592032330006,0.43567165525240464,4.307623403308954,6.014332662749775,0.9999805143485397,0.07242971411631247,0.8606103890171485,1.1443679352759568
18,3,10000000,4.359326303940624,0.3923438396167443,3.6359534011575088,5.173058594811766,3.640160684158594,0.30147611724129275,3.0728276240597148,4.254620879414071,5.199190465801674,0.43237577858781034,4.386406433692467,6.080925561126315,0.9999995625466663,0.07025432599488574,0.8647358215610185,1.1399956295175786
19,3,10000000,4.406491336365439,0.3892971033410862,3.6883200090855732,5.214398431751389,3.6888251346692256,0.29945860016382253,3.125248036234705,4.298816718854199,5.266658843278557,0.4294067403433201,4.459326055409037,6.142205110097826,0.9999783025554316,0.0682716418618469,0.8684891960657365,1.1360111292168302
20,3,10000000,4.45136889491285,0.3865584171704795,3.7387211510744933,5.253461416227361,3.7350666446016296,0.2975701711801204,3.175181675504154,4.341040545618572,5.330824696875036,0.4266683301517645,4.528807812359308,6.200654406313926,1.0000128662309895,0.06646229926063335,0.8719331547439405,1.1323294166342168
21,3,10000000,4.49315153729164,0.3838804030758486,3.7859770302957214,5.289798189839418,3.7782641632744105,0.29566696641688817,3.2221466779263506,4.380844996350981,5.390755508706673,0.42389062630102364,4.594187829032964,6.255349220180751,0.999981377161737,0.06476085411283507,0.8751028229205248,1.128841511111794
22,3,10000000,4.5328720037044326,0.3814652221878328,3.8306966328570065,5.325653951896467,3.8193174572277813,0.29385447696681566,3.2664820726405934,4.4182072451,5.4477834904349125,0.42128421480737627,4.656113111524553,6.307275127714293,0.9999830674666784,0.06318212238295912,0.8781108169353746,1.1257724691722464
23,3,10000000,4.5706388753034215,0.3790858234729924,3.872304322790025,5.358445825228656,3.8583161228416443,0.29228047324344647,3.3087759062680577,4.4541618274096395,5.501965438838548,0.4189813305621906,4.714961813711701,6.356950110210952,1.0000195263707918,0.061728979795565096,0.8808157035569724,1.1227825469805044
24,3,10000000,4.6063763880676865,0.37685214456222627,3.9129222898325993,5.389487510594705,3.8952258853968584,0.2906630695002509,3.349013861889633,4.487886834968136,5.553266852389929,0.4166159395232499,4.771220723570857,6.403302597974734,0.999986920830992,0.06034062342879647,0.8835216659181447,1.1199994933614403
25,3,10000000,4.6405664656093,0.3746911751906137,3.950989333636899,5.418886877126394,3.930586464317609,0.28923706294842266,3.3869279749813157,4.520447408461039,5.602431524931456,0.4145606509876647,4.823996354246239,6.4486031460952775,0.9999964666577896,0.05908008900599731,0.8858380844525401,1.117408650371021
26,3,10000000,4.672888832791565,0.3728713003864911,3.9867364321733865,5.447849210505882,3.9641645236863092,0.287812638611992,3.4230923082119022,4.551096329614421,5.649117499228087,0.4124905957550226,4.874515850941875,6.491019498719888,0.9999724437764924,0.05788328580433285,0.888162406534504,1.114982652129411
27,3,10000000,4.7043625840367955,0.37089644294864826,4.0223366477091735,5.475821927582253,3.9965998788441817,0.2864309690959133,3.4583695704573976,4.580596115487378,5.694281267304792,0.4104919817617328,4.9239337627656194,6.531923960298195,1.0000037023096038,0.05673567967557397,0.8904229357120761,1.112702096618006
28,3,10000000,4.734206779874151,0.3691635375486704,4.055975814452896,5.502070886566126,4.027588256504409,0.2851907090100291,3.4918442844988236,4.60896846260905,5.737401532563152,0.4087148846086427,4.970453351374687,6.571473652742622,1.000034500733942,0.05568875858797622,0.8923712896049764,1.110637263695583
29,3,10000000,4.762716604628925,0.36743463747967925,4.08730368970152,5.527189683843643,4.057012447573308,0.28399556341965704,3.523494096908204,4.636037018067217,5.778355813751594,0.4069482688330334,5.0145842628750135,6.608845782928139,1.0000137384957255,0.054680264640714384,0.8942754835817731,1.1086235747144655
30,3,10000000,4.790144176688057,0.36580519584218557,4.1181919884489,5.551615862543767,4.0855043595100025,0.28284184926427786,3.5541579208268983,4.6623802798549585,5.818036194837756,0.4052881708421368,5.05765843019066,6.6456862598069115,0.9999966420644071,0.05372353543204589,0.8961568071535754,1.106728877876497
31,3,10000000,4.816483762221032,0.3643296230521137,4.147426993000079,5.574338836377947,4.11283715331292,0.28167390435377515,3.5838401469939685,4.6872253154037065,5.856102104864689,0.4036133816062243,5.098889717385801,6.679944275084109,0.9999871305677394,0.05281144226979134,0.8978459656787444,1.1047478991344954
32,3,10000000,4.84219360106983,0.3627913948950069,4.175911693201475,5.5974566747502355,4.139358726452088,0.28060598910424733,3.6125178126323543,4.711961174873399,5.893060828352134,0.4020613222532817,5.139180125411435,6.714083931210068,1.0000107216286833,0.051948439549089065,0.899492442607081,1.1031621568399448
33,3,10000000,4.86692720525074,0.36125463352282633,4.203378379476542,5.61883781212609,4.164877148914601,0.27955317744442787,3.639974513115629,4.735285862875665,5.928656951903484,0.4005365091489553,5.177501735026916,6.746636925848933,1.0000024625596604,0.05113316046980464,0.9009789058812735,1.1013816059228678
34,3,10000000,4.890689340047219,0.35985877369120384,4.2303263777175815,5.640484331741393,4.18946956813035,0.2784694524596978,3.6664467507617244,4.757518330404658,5.9629386581695725,0.3989729691935103,5.214437958311994,6.777557489866487,0.9999923933418382,0.050337041446990194,0.90251833164961,1.099770484475512
35,3,10000000,4.913532621386517,0.3585849672555062,4.25568852896651,5.6605703707596815,4.213109981292349,0.2775813224719853,3.6917797445867264,4.779333874836046,5.995897470877428,0.39768270593383104,5.249901934758413,6.808069017948625,0.9999891091795782,0.04961262036142448,0.9039543882712033,1.0984050868139719
36,3,10000000,4.935751801010305,0.3572699480876452,4.280330179967436,5.680249884193132,4.236364143884301,0.2766985706259541,3.7168939599582234,4.800941940111814,6.028327137731299,0.3963995946488925,5.284951720134027,6.8378431185790225,1.0000064797181238,0.04888062929835617,0.9053636944351506,1.0969084263315552
37,3,10000000,4.957234060003054,0.35611192808889297,4.304243258633787,5.699794590305724,4.2585309399850795,0.275731481403476,3.74128034032846,4.821500712683429,6.059238745645046,0.39501187913829455,5.319113636696507,6.866814024229306,1.0000042644764557,0.048185144617157435,0.9067302096168199,1.0955621731750058
38,3,10000000,4.978265420924522,0.3549165463100427,4.327634458918071,5.718214231880407,4.2801988261503805,0.2749164322931901,3.764319763816324,4.841454374938097,6.08948574753588,0.393807856766064,5.351411214135452,6.894240730232246,0.9999963071455322,0.04755065124261291,0.907886984120409,1.0942782711137293
39,3,10000000,4.998491555287815,0.3537237351441631,4.350030856878789,5.736378809954441,4.301283220523871,0.27400982445871336,3.7871090278436204,4.860938969689075,6.118893707099348,0.392513398095201,5.383240934077148,6.921656109144606,1.000022620078698,0.046902399642295936,0.9091799619701012,1.0929675202717912
40,3,10000000,5.0180207469732805,0.35251604462528174,4.372202547944896,5.753585073210351,4.321460487357924,0.2731816448961018,3.8089563579149788,4.8793634339969545,6.1470579490606845,0.3912999027444792,5.413927653035275,6.94699279192553,0.9999845508189628,0.04629317128918644,0.9103077686620026,1.0917270254551203
41,3,10000000,5.037255835724078,0.35140764542191205,4.3935506195008704,5.770726184947206,4.34146861830851,0.27239023466025036,3.8304231501853137,4.897761278891852,6.174987176450119,0.39013707412047854,5.443960466660735,6.972454634514447,1.000032651123112,0.045713869602540876,0.9114164562775805,1.0905874301955258
42,3,10000000,5.055735318045372,0.35037669926163795,4.41418087010736,5.786777159381184,4.360490819652109,0.27154614738768534,3.8513010859974424,4.914993163382548,6.201544859548851,0.3889413304082631,5.473080106556032,6.9966271844310715,0.9999799375491367,0.045147793722007105,0.912479359211652,1.089388254222027
43,3,10000000,5.0736938242437555,0.3493028711916332,4.434198414849857,5.802397679124864,4.379278278977594,0.2707291012687723,3.8714498854672628,4.931884244212509,6.227773195269782,0.387759060654934,5.501197046886905,7.020320177454548,0.999978295656661,0.044599399323079214,0.9134715061244816,1.0882887018664014
44,3,10000000,5.0915035803512145,0.34848175761889394,4.453421936299261,5.819140729045626,4.397709382768308,0.2701710992549327,3.891070686219495,4.949672706089851,6.253522773026427,0.38695707006536717,5.528513404134481,7.045002393169795,0.9999928791249201,0.044089541392376065,0.9144724720149461,1.0873339623885308
45,3,10000000,5.1085947113799435,0.34762761278862425,4.472299832497729,5.834314739046045,4.415502287326047,0.26951175436886116,3.91015510717348,4.966220149053542,6.278363667779265,0.3860191414573345,5.555339005020649,7.0679617094211595,0.999999619739346,0.043568511857274866,0.9155627948670677,1.086309020193003
46,3,10000000,5.125424518778428,0.3466176144548383,4.4912988972258825,5.849255325401253,4.432906925074626,0.2687875925359477,3.9290191728648356,4.982062412964651,6.3026623664195895,0.38495921588041654,5.58179335139059,7.090042803867967,1.0000152590989164,0.043099473399366886,0.9164312737887291,1.0853771714353324
47,3,10000000,5.141525897676143,0.34572450164430396,4.508904843640551,5.863695235003176,4.449568351690208,0.2681125467676322,3.9469394224546805,4.997467131026143,6.325948027973676,0.3839906170382522,5.6069377557965625,7.1114173603289,1.0000071666940507,0.04262366251443533,0.9173743810627975,1.0843924732267751
48,3,10000000,5.157551390205758,0.3447926324659526,4.526612860149936,5.877997242254699,4.466153166851992,0.2675263632244358,3.9646535280398156,5.012948341320123,6.3491223171654365,0.3831303933223263,5.631717514899192,7.133139937638712,1.0000025367572776,0.04215903174392054,0.9182172513739237,1.0835130277113472
49,3,10000000,5.172937862909969,0.3438470502092638,4.543779453530932,5.891229968702756,4.482224827162242,0.26679041881484106,3.981952940667505,5.027233895748534,6.371578103109626,0.3820555640661885,5.656153354563737,7.152698363514238,0.9999912446204928,0.041727344158840246,0.9190550291541503,1.0825847779858118
50,3,10000000,5.188422378657547,0.3430028456497806,4.560935695262101,5.905007460746909,4.498208825240069,0.26625805738543773,3.998819932637821,5.042342712122305,6.393930705424299,0.3812894416364577,5.679602737713848,7.174041919753345,1.0000094773811128,0.04129220330804064,0.9198922989373454,1.0817045225684445
55,3,10000000,5.259576973545761,0.3391429507646939,4.63993576096773,5.968607137369989,4.572042573943617,0.26335948443869445,4.078541904443269,5.110223977162507,6.497137382285362,0.37709817877307666,5.791324984382938,7.268656338386197,1.0000047152708014,0.03932408093219189,0.9236598764385068,1.077827877466061
60,3,10000000,5.323634540407149,0.33583352528489335,4.710433820504075,6.026035043203348,4.638530375924157,0.2608809115202054,4.150094978780737,5.172514847199707,6.590138053842373,0.37352006980522073,5.891750079821615,7.355483106862623,0.9999847046624885,0.03763182892406479,0.9269200035062284,1.0744023516446113
65,3,10000000,5.382205062930565,0.33265385803918895,4.7755137816465245,6.078649404333764,4.699224247845277,0.25859539375117435,4.215290488249623,5.228559754653401,6.6750713326406395,0.3702132838080937,5.983117457035189,7.433588448460975,1.000009926078893,0.03612337999471837,0.9298365666714763,1.0714000833012454
70,3,10000000,5.435782265449634,0.32996599896863527,4.834132634610708,6.127133364927766,4.7548264504785385,0.25650538164789183,4.274748693378348,5.279946429611521,6.752920257485603,0.36718425209000094,6.066598942328574,7.50536009405204,0.9999970987668606,0.03478076767310603,0.9324316618975196,1.068752779997444
75,3,10000000,5.484851617060572,0.32730161550558573,4.8885343533605115,6.170909464140453,4.805738132892769,0.25451456930450345,4.329590998341243,5.326845067772773,6.824196660453524,0.3643052936633939,6.143474263614284,7.5708353190383315,0.9999820747355508,0.03359764653101637,0.9346635636832091,1.0663604454756728
80,3,10000000,5.5308403905305425,0.32490860260932247,4.9389503555550585,6.2115624921113,4.85352748337488,0.2528705767181724,4.38043813654627,5.371450302922304,6.891125085332659,0.3619206928857405,6.214812014095709,7.633389204202768,0.9999969081169215,0.032520405521575056,0.9367693618085943,1.064218526277279
85,3,10000000,5.573643726716283,0.32272811280631675,4.985997909115132,6.250292952841081,4.8979534618983225,0.2512114609108289,4.4285412228845695,5.412870495825992,6.95337219597976,0.3595267839833659,6.28233237326642,7.691172638516563,0.99998872450798,0.03151531204867724,0.9386972258721238,1.0622650600102463
90,3,10000000,5.613640317856679,0.32070188243255016,5.03011266640064,6.286486191540519,4.939386135263583,0.24962006572807374,4.472846032512449,5.450855811327421,7.01144706579354,0.3572327109365456,6.344619376804535,7.7443212718598025,1.000010959136797,0.030610521945251663,0.940467556398876,1.0604343049980158
95,3,10000000,5.651313916851714,0.3190157768439367,5.071161544215505,6.32078929912015,4.978472362457761,0.24836855596908422,4.5142422472734,5.487752995996579,7.066228073454077,0.3554214567736319,6.402763208920873,7.795636550272441,1.00000913016466,0.029787076955747345,0.9420462447450106,1.0587989551819943
100,3,10000000,5.686603419800284,0.3172601561343586,5.109873509569936,6.352723542676219,5.015295018686427,0.24699766593584319,4.55400119607845,5.521465807049827,7.117859536220193,0.353446296348017,6.458661459579599,7.843102358118663,0.9999999198620095,0.02903474852374053,0.9435012426740019,1.0573136967397818
2,4,10000000,1.772138381128387,0.46314936841575455,0.9405418205744492,2.7453791920825545,1.1281526424527266,0.3013002945888992,0.5923815640082548,1.7661260242463175,1.772138381128387,0.46314936841575455,0.9405418205744492,2.7453791920825545,0.9998220152378247,0.2613040492868867,0.5306438980591456,1.5489143430617278
3,4,10000000,2.408684967701702,0.4461829877529993,1.5854287371854199,3.3296041059032717,1.6924616026213537,0.3142182056683389,1.1126928423562938,2.340918144545903,2.539471859394129,0.4634296534494275,1.6804235145052158,3.491627994827092,0.9999467222202844,0.1815837045079092,0.6627811776005653,1.3724903481160706
4,4,10000000,2.79330137845524,0.42798536375855395,1.9970975322954752,3.6723110989271195,2.0586602207046183,0.31113171164857034,1.4774607299242724,2.694521085478054,3.0338813948752796,0.452847965477397,2.1853461674787966,3.95709803802734,0.9999530329708474,0.14706406116793708,0.7233368218192227,1.2987715338590091
5,4,10000000,3.0659014319669144,0.4134307912172962,2.2950164690714763,3.9132550822243353,2.3259445136553176,0.30546840067666886,1.7516056241112261,2.947763957498942,3.3958127433869376,0.4420551828410428,2.564044408351395,4.2946399239482,0.9999973875899008,0.1268020269199694,0.7599060380119069,1.2563468602680612
6,4,10000000,3.2752972496504014,0.40168149352679106,2.525995377924802,4.098525110126005,2.5344707669177993,0.2998275446084542,1.969529262815319,3.143492702881025,3.6792619680658154,0.43257585327302545,2.863687344731134,4.557454596979475,1.0000026765436782,0.11309657706415101,0.7849401464691387,1.2277560263950706
7,4,10000000,3.444178541641352,0.39207252764416856,2.7119586695463083,4.24746946052839,2.7043236959780654,0.29458921153818657,2.1478165583024564,3.301552605068351,3.9109097311000616,0.4243056930338396,3.109311476221497,4.771325593594265,0.9999869768931353,0.1030727124342968,0.8033510881420148,1.2070499990225185
8,4,10000000,3.5852243117253764,0.3836280379491848,2.8688189307226533,4.372240964994942,2.8471044875193523,0.2897238039411988,2.2994129081519095,3.434140714414392,4.106145877405143,0.4168042414747395,3.3182936424070304,4.951069112643827,0.9999857872024406,0.09527154323160397,0.8178165955059488,1.1910331939733236
9,4,10000000,3.706324062959519,0.37692521410634294,3.0025498524472667,4.479206024123692,2.970109498670357,0.28567287036461103,2.4295169366199807,3.548553009083031,4.274833077734544,0.41068033609200527,3.4979842829377836,5.106759894125645,1.000024926044162,0.08905703580701668,0.8294130182030148,1.1783059809193583
10,4,10000000,3.8114505671350623,0.3707539878241752,3.1195409521998894,4.572158057106333,3.0774186172898768,0.281819640546639,2.5439485905759707,3.648033688768102,4.422181038499845,0.4049014650724216,3.656054458415129,5.242227065209396,0.9999728620948469,0.08389228122041513,0.8389908121864827,1.1676806941425844
11,4,10000000,3.904815501023646,0.3653880173553767,3.223282831509162,4.654740826471114,3.1728593464093167,0.2783948666628488,2.646058745119964,3.7366147890313144,4.55352051100504,0.39978728224488785,3.79745802991864,5.363215176834871,1.0000081234167344,0.07956046577612759,0.8472291681366205,1.1589796231606895
12,4,10000000,3.988376388149504,0.36063893831804217,3.315780616250367,4.728802185866675,3.2583913939559777,0.2752204611190196,2.7374559498435302,3.815200161177685,4.671384187009402,0.39516458593360904,3.9239432273003554,5.471357376794248,0.9999934118586226,0.07579981376729973,0.854278314586271,1.1512248563771534
13,4,10000000,4.063833420086704,0.3563049585426747,3.399805759570862,4.795833113829158,3.3358980401101372,0.27241511041243166,2.8199790637771116,3.8878138508559967,4.778320085695233,0.39099148284407453,4.038401225762517,5.570992260747359,0.9999785337463913,0.07253320771538205,0.8604430755172972,1.1447201807125338
14,4,10000000,4.1328744784626235,0.35238897450789997,3.47651560994576,4.8572502270898985,3.40677711906074,0.26981754662430274,2.8962291437574748,3.953291808076145,4.876203877837351,0.3871804384102015,4.144243153711443,5.660937812483304,1.000007916261447,0.06967985474719769,0.8658167489898837,1.1389459127656076
15,4,10000000,4.1961504257450875,0.3489374814701923,3.5462087553223487,4.913174013735946,3.471888931483429,0.26739329400551787,2.9656002332748006,4.013216601038927,4.966200530635046,0.3836584847042196,4.240372348186827,5.74351733608678,1.0000328061168957,0.06710352945527509,0.8706309503611719,1.1336698479280458
16,4,10000000,4.254581947599007,0.3454891419911425,3.6112535969798407,4.964791350358067,3.5320377795536975,0.26502558841977564,3.0303212851359924,4.068918713961848,5.0494535433653,0.3801917623355925,4.3302354327342,5.820091077632843,1.000000221895067,0.06479613467390376,0.8750301969648725,1.1289755757103623
17,4,10000000,4.308595823990145,0.34251861633739145,3.6711913027364504,5.0132237253719785,3.5878191535485784,0.26299699786086905,3.0900155877768842,4.120640217675051,5.126648998465129,0.3772237803841409,4.41335435777987,5.89099751253914,0.99998614626352,0.06271931664953208,0.8790006509215554,1.1247505720174729
18,4,10000000,4.359324798358553,0.3398239661113827,3.727522043877352,5.058597061085381,3.640135012752454,0.2610913001716163,3.1461437925465052,4.168978816265907,5.199151249473794,0.37445267600943366,4.491512780659478,5.958138991331146,0.9999991432859198,0.06083096226671159,0.882569682211534,1.1209630684770004
19,4,10000000,4.406591416809777,0.33715553039163426,3.7794747885733346,5.100491290653499,3.6889169902503,0.2593255999291974,3.1982364822054428,4.2144957475427445,5.266789198472072,0.37185894715468687,4.5637786055148695,6.020982993666162,0.9999818289207913,0.05912624273560135,0.8857765563135849,1.1174932014799321
20,4,10000000,4.4512494423729425,0.3347766092571669,3.8289151108978694,5.140977188737293,3.734947823326491,0.2576626481117882,3.2475057192811936,4.256640844481437,5.330657152901728,0.3694461145257657,4.632282078011514,6.079575498993223,0.9999987462783897,0.05754418781614233,0.8888401381866957,1.114357980111647
21,4,10000000,4.493140414785205,0.33242607309297567,3.875315362753036,5.178116310386666,3.778262962206232,0.25599320346317095,3.2939116141901494,4.296873863265007,5.390753479556412,0.36702893801312003,4.697000981624162,6.134947714520947,0.9999862710123534,0.05606818844959698,0.8915429222442333,1.1113525214625253
22,4,10000000,4.5328592805747805,0.33041181884688925,3.9195329349769623,5.2138884496242985,3.8192637510340743,0.25453107888975757,3.3379425055913527,4.335414510138804,5.447704171921178,0.36492120953183127,4.758333591825265,6.188100814716885,0.9999783443512473,0.05472191588895611,0.8942070989205902,1.1086639406203656
23,4,10000000,4.570642668620213,0.32828854772017263,3.9609748584770963,5.2473862384333625,3.8583076760085397,0.2531250928449346,3.379619997126507,4.371357810888947,5.501950983905133,0.3628447133927122,4.816429851109217,6.2379553859304755,1.0000115804640664,0.05345733531111213,0.8966161078041904,1.106068559952294
24,4,10000000,4.606370087096804,0.32634334910745566,4.000817525780875,5.279429266787229,3.8952228014167667,0.2517089622197561,3.4194303899688303,4.405830853790421,5.553262828804167,0.36079172495938766,4.871982229288025,6.285537298344857,0.9999860877390746,0.052253476805122843,0.8989010576050475,1.103735306396993
25,4,10000000,4.6406466101571295,0.32455094185097644,4.037918533477837,5.3099393105737,3.9306385603465794,0.2504895433268809,3.4570799176911176,4.438642343944387,5.602505428195738,0.35903008637359507,4.924353180640515,6.331276002542384,1.0000121299632838,0.05116332081608716,0.9009519418457389,1.1014804863652312
26,4,10000000,4.672884034499854,0.32284919852874516,4.073992921028743,5.338922414336735,3.964138836748703,0.24921599915310227,3.4931326719941826,4.469849215815,5.649079952850645,0.3571719651299911,4.974801013451916,6.374400110080319,0.9999737140351266,0.05012534139170502,0.9029376344822927,1.0994424403501812
27,4,10000000,4.704274820186507,0.32121532559425703,4.108512481840752,5.367249751293061,3.9965360244509176,0.2480661902285377,3.5277351382474076,4.499528733280519,5.694189000427252,0.35552424819380746,5.022969105057331,6.4158113783226645,0.9999973071557842,0.04913081904731168,0.9048534059626708,1.0974309900499382
28,4,10000000,4.734176746691702,0.31962217023293815,4.141408839344495,5.393933594759334,4.027540071529435,0.24694919381920175,3.560823718016136,4.528180115373703,5.737324551789559,0.35389288603864855,5.069262701720314,6.455504607891142,1.0000277338928139,0.048211853755948705,0.9066516064302522,1.0956100511406015
29,4,10000000,4.762742312164934,0.3182009972682003,4.173145332037963,5.420127481018918,4.057021948926917,0.24588305165252985,3.592555498239246,4.556164640776461,5.778373089495535,0.35234164867836376,5.113503654546354,6.494234416061279,1.0000124665210053,0.04734816813250952,0.9083559506383682,1.0938926215812652
30,4,10000000,4.790116085670438,0.31684337689429304,4.202826743025442,5.444824833525734,4.085468822157384,0.24492514603860313,3.622456183896105,4.582669040336886,5.817986763714441,0.35096680356835874,5.155157688178999,6.531078170869272,0.9999850046407873,0.04652753497266561,0.9098516544669749,1.0922302169164013
31,4,10000000,4.816506712762016,0.3155055499388501,4.231475737059964,5.468065943221644,4.112811051917708,0.24393606678046584,3.6516420153714604,4.607686055184138,5.856070476034668,0.34953440540272107,5.195982691792595,6.565820645307004,0.999986158564811,0.04573843479077032,0.91134340249088,1.0905575521572417
32,4,10000000,4.842317711974261,0.31426567151315066,4.260321091003039,5.4914356205388195,4.139433262991329,0.2430707562127024,3.680501291635789,4.633045938121632,5.893174430782509,0.34827912456639687,5.236330135010655,6.601153467378295,1.000024689798741,0.044993987858706466,0.912826391855575,1.0891786665548977
33,4,10000000,4.866936187834538,0.3128756040329191,4.28741144400936,5.51357379001536,4.164901191830159,0.24210525990471357,3.7077239979329337,4.65622203237538,5.928689384574849,0.3468818148167183,5.274332712647908,6.633400509481348,1.0000086876756804,0.04427986319032463,0.9141101577683626,1.0876917758360418
34,4,10000000,4.8906372657241315,0.3117039552491147,4.313651438176811,5.53485908643802,4.189429945375073,0.24121750024844926,3.7337104780487023,4.67875341039159,5.962879732291998,0.3455936677447958,5.310598637412131,6.664591709344704,0.9999906696667895,0.043601166335531925,0.9154344790749989,1.0862511480897907
35,4,10000000,4.913515177932877,0.31063987127818377,4.338416313655494,5.555580877830465,4.213129516574928,0.240393676975677,3.7591467521077147,4.701311024282466,5.995923737990828,0.3444092722787027,5.346154529950848,6.695742719806551,0.9999821088354138,0.04296101478712861,0.9166647032346524,1.0850284490992503
36,4,10000000,4.935730209142858,0.30942230457793635,4.362969313727514,5.575455339338154,4.236294700404339,0.2395517958342037,3.7836941155608335,4.722624084450835,6.028225559912759,0.3431858332777951,5.380500754395274,6.725689116813475,0.9999990174087021,0.04232313786062947,0.9179056200476922,1.0837981069881357
37,4,10000000,4.957245569822539,0.3083394682014695,4.386543237964066,5.595147394588382,4.258535186417447,0.23878861856883185,3.8077014767092923,4.74352509393309,6.059245411512281,0.34208395767174676,5.4140070545161905,6.754608082273463,1.0000028210385643,0.041738893222483246,0.9190232856085963,1.08259737204307
38,4,10000000,4.97828075197815,0.30738399177420445,4.409772506721526,5.613756535965275,4.280206067669384,0.23812710025086314,3.8305925508233383,4.7638186019045525,6.089494386050659,0.3411086103035623,5.446215940081206,6.78304102730136,0.9999896492628721,0.04118904788669249,0.9200999721836771,1.0815677075169579
39,4,10000000,4.998515351249631,0.30631440950184374,4.43209001452115,5.632356814715232,4.301286990842351,0.23727595911690721,3.8533902962987017,4.783441274962277,6.118904650534431,0.3398949608851232,5.477944500995823,6.8101276392738574,1.0000279074881262,0.04061681225944757,0.9211968734162564,1.0804273714557797
40,4,10000000,5.018034238288462,0.30536552757693225,4.453372473338109,5.650041506960717,4.32148272482364,0.236610242301184,3.875104209722781,4.8022590428656455,6.1470879784258035,0.3389140222476259,5.508374625638281,6.836405309053065,0.9999812916944576,0.04010092791278196,0.9221950534741801,1.0792993658883927
41,4,10000000,5.037294196984903,0.3044226552772636,4.474770553324896,5.66774101310106,4.341508491666083,0.23589901270363775,3.8964592916674805,4.820900033089341,6.175045473327101,0.33788957486046656,5.5381839028688615,6.862524898884033,1.000029700267585,0.03959438765327232,0.9232297968858824,1.0784358907613603
42,4,10000000,5.0556548363737175,0.30341475698668374,4.494784721881463,5.683254021665542,4.360498687492261,0.23518372715640232,3.9164735008029474,4.838134413358159,6.201554807899311,0.33686278202084713,5.566316213701799,6.886490447507767,0.9999794905717889,0.03910008890145842,0.92405778482365,1.077325854028284
43,4,10000000,5.073695553268282,0.30247571737783524,4.514646158771076,5.699857496198287,4.379275252875733,0.23445773872828038,3.9366119226320295,4.855598744649215,6.227768434963498,0.3358123106933594,5.59449205992802,6.910506286863336,0.9999788341753161,0.03862266269287743,0.9249489811491471,1.0763130758551043
44,4,10000000,5.091428322475323,0.3017763459640969,4.533811355440923,5.7162697942491505,4.397660238738299,0.23395382548268845,3.9562716344742968,4.872987221018331,6.253445997829945,0.3350784850158625,5.621919289912583,6.9348915051723985,0.9999970782322922,0.03818222618828151,0.9258397699657787,1.0755118406510058
45,4,10000000,5.108575298645716,0.30100184785637385,4.552369726536468,5.732103656070177,4.415463095056192,0.2334268871754374,3.975160244577835,4.889967974575216,6.278310273266237,0.3343238390333663,5.648320694362002,6.958761866072075,0.9999970487876745,0.037731779162426815,0.9267380314180839,1.0746435525492437
46,4,10000000,5.125419205963253,0.3001780450227976,4.570969537960654,5.747134236996332,4.43290481164514,0.2328022167485259,3.993813653201295,4.90588236178052,6.302662338237774,0.333420191459411,5.67448590111786,6.980710538315752,1.0000154197305677,0.037327341653561115,0.9275413747325691,1.0738166492196415
47,4,10000000,5.141543143190206,0.2994692622420914,4.588340708358414,5.761741984781175,4.44959252533586,0.23227331866691242,4.011638888942607,4.921778107769928,6.325985183465069,0.33265425143695937,5.699476784041613,7.0027309761343535,1.0000058346853236,0.036924379117631106,0.9283040654618143,1.0730456328788498
48,4,10000000,5.157569350858467,0.29862724346893027,4.6061076275482,5.776350995498861,4.466143062603607,0.23174581351394952,4.029099926969097,4.937096385318887,6.349111334309977,0.33187828690582427,5.723835011699609,7.024330388593944,1.0000018680823006,0.036515278633384836,0.9290717263068536,1.0721998846731229
49,4,10000000,5.173108381756215,0.29782272580769087,4.6230128897739435,5.789856821603979,4.482345675979603,0.23106457775465702,4.04637003090545,4.951872196031828,6.3717462915872405,0.33089652932888286,5.747950360015073,7.044818880462057,1.0000110250079455,0.036141626662918945,0.9297997556520798,1.071450674599608
50,4,10000000,5.188386489589546,0.29709245680330637,4.639872191599082,5.803988161550923,4.49820051886325,0.2305920995300145,4.063422964244562,4.967165259731101,6.393913577902597,0.33020963266980097,5.771910190565497,7.065990794877597,1.0000129154319508,0.03576879318764872,0.9305071131660614,1.0707361873327121
55,4,10000000,5.259576570496169,0.29367718653625235,4.717714478584048,5.868325906322791,4.572062798388541,0.22811986058195388,4.142005104978875,5.035787923477132,6.497163404048732,0.3266271853271263,5.88207832658615,7.1620242244353856,1.0000084435833732,0.034068163695628616,0.933762989055114,1.0673164585041348
60,4,10000000,5.323673459573589,0.2908105326497645,4.787690076050029,5.927269642146215,4.638550428671713,0.2259129048889286,4.21306172531785,5.098199774486347,6.5901719979324636,0.32345602283085473,5.98164939862254,7.248909160595847,0.9999899896822961,0.03258713177899318,0.9366426493515246,1.0643748767208707
65,4,10000000,5.382271350598105,0.28800042126353315,4.851463297948197,5.979789172870668,4.699272412643425,0.2238646418443545,4.27757499269424,5.154692543773393,6.675139418272265,0.32049006598716834,6.072026622662055,7.327655781018882,1.0000100398144223,0.03128137331701599,0.9391621834484551,1.0617874638124993
70,4,10000000,5.4358127288863045,0.28574623291116064,4.909784002217619,6.029252761672294,4.754802830192588,0.22216536688497135,4.336359492395445,5.2070226316123795,6.752882569762845,0.318019006180162,6.154575026202249,7.400872102312991,1.0000011690219393,0.03012392696402957,0.9413545058933223,1.0594666078202637
75,4,10000000,5.4849401325478215,0.2834465301937739,4.963149699022073,6.0738752770761515,4.805836783854648,0.22045268867865642,4.390794664886469,5.254782668278515,6.824335200840593,0.3155446998755878,6.230862285559291,7.467577954615688,0.9999907717814938,0.029089143894293807,0.943372452042235,1.057428788710059
80,4,10000000,5.530852262262269,0.2813640945301002,5.0133083913522665,6.115720551734847,4.853505063194888,0.21893730313338788,4.441501558468835,5.299512076701316,6.89109590884066,0.31335454200250057,6.302011104579612,7.5301735819532984,1.0000003666966442,0.02815854143670812,0.9452012679445376,1.0555638282192183
85,4,10000000,5.573637395279749,0.2794616237880582,5.0597116397042505,6.154826364521498,4.897946940199404,0.2174988524229342,4.4887927761472906,5.34088603945615,6.953368438217276,0.3112838456048957,6.36838207155643,7.587866008567123,0.9999890239009795,0.027295980065190493,0.9468384926049405,1.0538388116294866
90,4,10000000,5.613610621095562,0.2777711186863194,5.103112688655511,6.191607448865068,4.939389273507694,0.2162608716977612,4.532582759572329,5.3800508498544355,7.0114460545926,0.309490979463617,6.429871945194767,7.64266295113873,1.000005834997907,0.026510508220837066,0.9484145228110054,1.0523406506124466
95,4,10000000,5.65127330604646,0.2762489916732687,5.143535597426204,6.226115271056508,4.9784504261225555,0.21511384138671288,4.573705544142819,5.416743245608143,7.066195395616043,0.3078304945997435,6.48767849837188,7.694025298356956,1.0000085149661433,0.025800397663866645,0.9497540465279137,1.0508828744281375
100,4,10000000,5.686635354494016,0.27475602126087867,5.182086888518728,6.258699756361046,5.015260208170754,0.2139586330435466,4.6128654687551744,5.451540802538384,7.117810204614526,0.3061684208740569,6.542632899449015,7.742802488812267,1.0000033876233803,0.02514313596097073,0.9510348265804717,1.0495975242032702
2,5,10000000,1.7723344286235514,0.41426293327118,1.020470344876835,2.636765178140832,1.1283022506470743,0.26952226219187575,0.6432230346931259,1.6948262880783187,1.7723344286235514,0.41426293327118,1.020470344876835,2.636765178140832,0.9999326231924756,0.23372283180153924,0.5757387388988953,1.4876354477684974
3,5,10000000,2.4086651868290696,0.39896652931336213,1.6674428428726646,3.2278050662093754,1.6924692751160801,0.28096644611327953,1.1705983551686285,2.2691245516342713,2.5394683380822793,0.4143968200089683,1.7661608490471836,3.38691024244996,0.9999493422351076,0.16236920762341728,0.6965473526083498,1.3317080385574853
4,5,10000000,2.7932789847365602,0.3828019685635424,2.076952371678373,3.5758507014569596,2.0586642166313767,0.2782860336255358,1.5357458612526833,2.62535189277917,3.0338763609085286,0.405023231919783,2.2710852232807373,3.8568552065361903,0.9999546560434973,0.13153529407392306,0.7513602846422357,1.2662983647515798
5,5,10000000,3.0659330306244845,0.3698137349158971,2.3725099012048245,3.820479891534295,2.3259760402026215,0.27321730521503046,1.810088805071029,2.8799123761988805,3.3958661602408795,0.39540250486358647,2.648180936219812,4.196753668611762,1.000008818649574,0.11341640220510696,0.7844973107304657,1.2285803940863322
6,5,10000000,3.2751684195265303,0.35926378733694897,2.601045512177213,4.008180644213394,2.534377330937611,0.2681738475215699,2.0267438960700384,3.0772609656170635,3.679119830434244,0.38690624802163676,2.9461722760365316,4.4619302351312395,0.9999740581786267,0.10115411911579288,0.8070321922939596,1.2031700404657375
7,5,10000000,3.444121704693534,0.35067475721551933,2.7855445788203212,4.159647326605415,2.704314410375143,0.26350321135791865,2.2044777070892256,3.236748083513334,3.910885377957276,0.37953096754675053,3.191128150476021,4.677763864704534,0.9999803153665109,0.09219589203713889,0.8236474899571654,1.1847228468684952
8,5,10000000,3.5852572027473317,0.34313212595307807,2.941331806935783,4.285639887583664,2.8471335246052503,0.2590984838117507,2.355258087049771,3.370505656059721,4.106187756110424,0.3727483937736004,3.398830894523187,4.859114064837214,0.9999920586377097,0.08520595283997029,0.8366564227559262,1.1705432745561235
9,5,10000000,3.7063480742595547,0.3371491426934938,3.0734851850558758,4.394350280339258,2.970131310330172,0.25552069309169295,2.484945099103196,3.4860167251754053,4.274863478755707,0.3673248911084249,3.5774955113465734,5.016361822525158,1.0000336457677825,0.07965932874719599,0.8470639816722175,1.159131224367028
10,5,10000000,3.8115143898494215,0.33154005629235145,3.189366592043949,4.488591189472353,3.0774697165928164,0.2520572656704059,2.5986175200000394,3.5860691565051015,4.422257208913636,0.3621236833280495,3.734605827841767,5.15298826114,0.9999850265547099,0.07503649666676826,0.8557161351959073,1.1497092149843908
11,5,10000000,3.9047802979688084,0.3267163665849257,3.2919539144245755,4.571980871689227,3.1728420429764554,0.24896332682863237,2.699874673953039,3.675337677065418,4.553493990304405,0.35752484538799384,3.8747858406696634,5.275227741822889,1.0000034528329005,0.0711426724512355,0.8630572039252935,1.1419009927451316
12,5,10000000,3.98835026372907,0.32248008536686845,3.3836671506327245,4.647717776944642,3.2583494423283024,0.24611458761610733,2.79076574471518,3.754864505237904,4.6713255672584255,0.3533582326584528,4.000239584264862,5.384501627684391,0.9999845753639875,0.06778852732760339,0.8693644879153003,1.1349854316776804
13,5,10000000,4.063810984692182,0.31868395183515963,3.466574881376144,4.715494088351627,3.3358906970922915,0.24365060072239247,2.8729793979862417,3.8276876860648192,4.778301725367875,0.34971108218411606,4.114177103395647,5.4845232846751335,0.9999786978709859,0.06488280136779535,0.8749087443835876,1.1291340115066444
14,5,10000000,4.132878327835148,0.31516623142886663,3.5422831164747413,4.777258263545727,3.406778705072738,0.24130703678272203,2.948278817950105,3.8937572308384625,4.8762052255262835,0.3462777915192697,4.21847533072541,5.575453680975275,1.0000160347284148,0.06232331812313473,0.879793319606004,1.1239975438729897
15,5,10000000,4.196159402421656,0.3120103730957472,3.6119156745619088,4.834477643230451,3.4719161622344767,0.23914164784598904,3.0177212117728605,3.9546658186123294,4.9662382421209195,0.34311109247683275,4.314819271646642,5.659262505202772,1.0000313132634673,0.06001243661352714,0.8841512342223514,1.1193632929921655
16,5,10000000,4.254575524609478,0.30903598927224124,3.6760068931194563,4.886631678185354,3.532008746495203,0.23705512246597607,3.0816572352590788,4.010619788536812,5.049410697334415,0.34007539944423426,4.403888656184553,5.736389789690079,1.0000041966615427,0.05796725443940411,0.8880700227888898,1.1152207704962045
17,5,10000000,4.308536738786604,0.3063675725962171,3.735196035968634,4.935737770845946,3.587756783410382,0.2352519925630466,3.1405637704074785,4.062725618087389,5.126560020911364,0.3374165284519388,4.485669768608014,5.808441918598609,0.9999749693219203,0.0560998596694286,0.8915636358529535,1.1114343313269943
18,5,10000000,4.359279640068746,0.3039195215367614,3.7908469979398753,4.981393241564253,3.64010783081211,0.23352195996250202,3.1964796868985097,4.111715472111838,5.199107897719459,0.3349132263654102,4.563286555817009,5.87580189460618,0.9999897878577113,0.054406575626239566,0.8948044077746983,1.1079849917403033
19,5,10000000,4.406616149525478,0.3016230710840035,3.8422665184831404,5.024159269780061,3.6889270248625716,0.23194013744438005,3.24842900388337,4.157351887763402,5.266798570555501,0.33259818748760733,4.6354426709554675,5.939061488845646,0.9999758544825174,0.05287863418809048,0.8976872218754829,1.1049502752607299
20,5,10000000,4.451244265927444,0.29943890927071704,3.891093129104782,5.0648290202723185,3.734923290337345,0.23048572394088032,3.297040363335069,4.200481772138177,5.330625247884442,0.330477007093911,4.7034506197293355,5.998685616995131,1.000000543686746,0.051478990252070186,0.9003563247435983,1.1021631646152976
21,5,10000000,4.493080764835494,0.2973569828052897,3.9372107651311183,5.102479948969015,3.778198475029489,0.22900022834558273,3.3431304570409037,4.240625629683288,5.390665772426874,0.3283183580747139,4.767465672937899,6.053946674150054,0.9999742423049405,0.050158112650375786,0.902865715204384,1.099432557889142
22,5,10000000,4.532832094242395,0.2955582322744712,3.9808654739039397,5.139277317603263,3.819254185421829,0.22773017041428822,3.387056579360142,4.279449221228355,5.447686242017038,0.3264950994706282,4.828471769650408,6.108047784163982,0.9999762440126587,0.04895300048680495,0.9052408310667827,1.0970875110261804
23,5,10000000,4.570704907233408,0.2937181172863763,4.022331175035584,5.173379287973459,3.858350272497803,0.2264414940356087,3.428806878981184,4.315762539229099,5.502017176202876,0.324603211944603,4.886666111719454,6.15835014603371,1.0000156829013884,0.047823211906430706,0.9074133205721451,1.094826447794254
24,5,10000000,4.606323336013773,0.2918397740831514,4.061408150772872,5.204875844196861,3.8951970275472143,0.22515446994120428,3.4677216902789256,4.3503533678235184,5.553229345475242,0.3227233606541637,4.941132536306991,6.206119954751591,0.999982842206814,0.04674341681335564,0.9094052186632482,1.0926278106187908
25,5,10000000,4.64058216260901,0.29032756973866747,4.098559166169802,5.236491831730938,3.9306412993313598,0.22407045635030753,3.505382566491752,4.383560136138289,5.602506644431069,0.32116315484310987,4.993372525945616,6.252024500915681,1.0000056760751663,0.045774307823680006,0.9112707770373697,1.0907215863351851
26,5,10000000,4.672918553548708,0.2887146696014361,4.134221848471457,5.26538016522579,3.964179092379297,0.22287587449936194,3.5414165793131573,4.414696838546033,5.649128404338189,0.31941680154056457,5.043588255834128,6.295140689379191,0.9999877296257325,0.04482869774467185,0.9131152780170344,1.0888046703722833
27,5,10000000,4.704216275963531,0.28735176915065846,4.168330320962893,5.29408768713509,3.996507840136913,0.22193312793608952,3.575331173441378,4.445046236607418,5.694141435869205,0.31807374113306375,5.091073032935419,6.337492963501548,0.9999982793667525,0.043954046822244915,0.9147669442225294,1.0870534441164992
28,5,10000000,4.734206190929191,0.28594975334239353,4.200880132911429,5.321309677663047,4.027559334601221,0.22090504338352077,3.60843953928928,4.473661972931695,5.737359413625843,0.3165748780187238,5.137286126282839,6.377214880627133,1.0000258363048689,0.04312274113411871,0.9163679986276004,1.0853951783901605
29,5,10000000,4.762800689991669,0.284673456461733,4.231875171988167,5.347747356346543,4.057065498012879,0.21996453268005348,3.6398894090409937,4.501698817026864,5.778437372983878,0.3152011432111706,5.1810548109498065,6.416094370006105,1.00001198784432,0.04235470237698448,0.9178922908459375,1.0838528317756737
30,5,10000000,4.790131828617715,0.2833855954170799,4.2618108220506015,5.37242825223503,4.085477349860012,0.21906570419880808,3.6699302969501337,4.528316097968384,5.8179975745604695,0.31391146500161593,5.2231367172926815,6.453202648859043,0.9999892887021208,0.04161534197982179,0.9193074095895769,1.0824078974428668
31,5,10000000,4.8164983235629535,0.28218532844656874,4.290310828124436,5.39625187867859,4.112826938940472,0.21816891172120895,3.699003775284736,4.554186106460321,5.856091888503717,0.3126189393829599,5.263560661835732,6.488677832270411,0.999984012339586,0.040906763549271245,0.9205898626540385,1.08092219077591
32,5,10000000,4.842315601764017,0.28102494380603177,4.318586970130902,5.419479220931076,4.139431931536561,0.21740566475484113,3.727157443976121,4.579285712072949,5.893170944349391,0.3114975137351503,5.3030614118164845,6.5238805313698,1.000019277295376,0.04024380946475512,0.921932427627304,1.079664863574006
33,5,10000000,4.866829095768375,0.2798331784497452,4.345368291591493,5.441930942937672,4.164832062734795,0.2165350379379632,3.754427660620629,4.602571407917762,5.928585122658641,0.3102466918409731,5.341096976879959,6.556573600119404,0.9999995091988407,0.039607777914188236,0.9231012096245261,1.0783396308895319
34,5,10000000,4.890649688623324,0.27883071067096865,4.371058628847332,5.463788320863902,4.189457963878237,0.21571768001135944,3.7802509272511,4.625543623436955,5.962916181773192,0.3090678246619413,5.37715715695591,6.588202889311622,0.9999946740385672,0.038996029614404695,0.9242715580155164,1.077105767318329
35,5,10000000,4.913524461306045,0.2777732784738337,4.396095101401326,5.4846945554062225,4.213168821385033,0.21497911166678144,3.805615630493825,4.648187574008219,5.995977178328753,0.3079905332467225,5.412559766781161,6.619491449880301,0.9999840665101737,0.03841850364030398,0.9253805117588103,1.0759938742867463
36,5,10000000,4.9357360888867605,0.2767557565397339,4.42010982162893,5.504477583982317,4.236295549658446,0.2142441642338568,3.8297233376312043,4.669509712201771,6.028221519838736,0.3069305058916243,5.4464460141950966,6.649336802389734,0.9999935241645761,0.03784873571881142,0.9264365189781447,1.0748506956818669
37,5,10000000,4.957313563163232,0.2758103702931205,4.443800061336313,5.524578283785549,4.25858088879299,0.21357736190623666,3.8536300571726136,4.6906521275054,6.059310899547786,0.30596851075579756,5.47974051377475,6.678511568353997,1.0000124644453605,0.03732791417243067,0.9275615165988829,1.0738411425171774
38,5,10000000,4.978240355207422,0.27493287016672113,4.466666535847675,5.5436881672842375,4.280217066217143,0.21296328998513311,3.8764457064082034,4.7112408265958186,6.089504431049743,0.3050684824410821,5.5116605296635095,6.707556063039893,0.9999922190091427,0.03682769421427663,0.9284638218266114,1.0728401837568455
39,5,10000000,4.998554870142685,0.2739535134870963,4.488649520124555,5.562156079038514,4.301321578755947,0.21225374417149598,3.898799577934291,4.730749556983896,6.118955862454281,0.30404872388418475,5.542965577306739,6.734719265564063,1.00002306535508,0.0363254381769177,0.9294437915392115,1.0718322408127117
40,5,10000000,5.018042891349274,0.27319375147791586,4.509815744826057,5.5804385102460445,4.321507652884899,0.21167071527773354,3.9205468801985965,4.749971822880898,6.147121122214976,0.3031947533250617,5.573405127847145,6.761486042482673,0.9999846712705979,0.03586735848161649,0.9303380577859619,1.0708890654261225
41,5,10000000,5.037240575588361,0.27230756669516826,4.530804675632745,5.597899266092942,4.341468336022201,0.21102940519953922,3.941852858339974,4.76889468746893,6.174983503038247,0.3022730743554666,5.603119993345231,6.787626758856276,1.0000260448600435,0.0354154382983504,0.9312272391471315,1.0700560352667463
42,5,10000000,5.055689138336289,0.2714451796504368,4.5506493243339134,5.614338517765037,4.360515290318467,0.2103610236368494,3.961653675797365,4.786242426595436,6.20158091644331,0.3013161869395258,5.630771315032824,6.811886701484388,0.9999840864889543,0.03496602733364265,0.9320001687895624,1.0690869126343643
43,5,10000000,5.073747380064957,0.2705727795652041,4.570598890238894,5.630838773483877,4.379282224360195,0.2097063033557698,3.9818247868649936,4.803780715235187,6.227776756772392,0.3003631151408698,5.659088517484378,6.836206795825802,0.9999812646602592,0.03454312678588352,0.9328246257669216,1.0682190344273965
44,5,10000000,5.091422214869634,0.2699433059512095,4.5893002163049985,5.647468736061454,4.397655492509945,0.20925743829808816,4.00113475815962,4.821271550077772,6.253436520407622,0.299711371809173,5.686105305054916,6.860734856359495,0.9999979393016273,0.03414464997777212,0.9336195961473257,1.0674652512688205
45,5,10000000,5.108506608136767,0.269289448708069,4.607779365276469,5.663291812773665,4.415410908125412,0.2087985215110065,4.020000810925069,4.838392864938839,6.278232840248013,0.2990523876624297,5.712364570061803,6.884518632403735,0.9999894505219629,0.03374630920697825,0.9343975417204117,1.0666509827164623
46,5,10000000,5.125499146008261,0.2684900408169798,4.6261761624796405,5.678459100325325,4.432949988704223,0.20820775842743733,4.03866110211516,4.854261783060454,6.302732107082802,0.29820133023404977,5.738540785275631,6.906679431875797,1.0000220744472152,0.033391839979079144,0.9351080430654655,1.0659766119500997
47,5,10000000,5.141492679581577,0.2678089339242338,4.6435255303428375,5.693358125786118,4.449558817435316,0.207700661271062,4.056239855493606,4.870268855508695,6.325937266836775,0.2974628644357366,5.7630448703540855,6.928901289091067,0.9999985468020048,0.0330175395273015,0.9358369664221147,1.0652581679868582
48,5,10000000,5.157614982537784,0.26709473445151594,4.661258935943837,5.707739602465132,4.466186604838334,0.2072663574696725,4.073558976065306,4.885968085773142,6.349175788529592,0.29682067186716593,5.787448030349599,6.95092551246164,1.0000039022985292,0.03265264403693701,0.9365248155942169,1.0645030359525063
49,5,10000000,5.173085665220384,0.2663769485993431,4.6780691055539325,5.7216180953178295,4.482336950353406,0.20666422208198026,4.091024816788811,4.900797498990535,6.371734032546661,0.29595394835361055,5.811893151089255,6.9716285816050725,1.0000114132767426,0.03233011020809012,0.9371425620771046,1.0638964190761446
50,5,10000000,5.188320571581801,0.2657737336173953,4.694376508867033,5.736218832070251,4.498138954819015,0.2062449894775461,4.10738348247562,4.9159498228212835,6.3938255056130995,0.2953514208739731,5.834863500209963,6.992647367855884,1.0000079772380956,0.03198928051409681,0.9378029809149252,1.0632198104821178
55,5,10000000,5.259559155160054,0.26274175061727095,4.7717941552307,5.8014960610135695,4.5720546155149435,0.20408697401631445,4.185628014912774,4.985411986971851,6.497153547840318,0.2922209418138342,5.944390850143827,7.089566336692015,1.0000093761171132,0.030467449514272382,0.9407706153118097,1.0601952444519354
60,5,10000000,5.3236570764179,0.26010756909283733,4.841014347662434,5.860608092653241,4.638547097008978,0.20206552358986937,4.256271918979022,5.048145331246353,6.590166398009503,0.28930942020832057,6.043261770793898,7.177016213636162,0.999988796493141,0.02914776515301997,0.9432803924600484,1.0575224853365774
65,5,10000000,5.382263357286156,0.25759201914893465,4.904479093002912,5.913803986308205,4.699262579675513,0.20022734160693365,4.32059462172158,5.105291296276904,6.675129828639156,0.2866451698155289,6.133584680710529,7.257065672620359,1.0000079696232267,0.027979077913376164,0.9455559981652505,1.055210940827908
70,5,10000000,5.435744907726936,0.2556073784708603,4.9618338355726,5.9634289766968855,4.754775284157352,0.19870442315613446,4.378842369353848,5.157672418193174,6.752841186999558,0.2844331231086724,6.215238166475399,7.330215458709777,0.9999963713890098,0.026939709358058634,0.9475243147202043,1.0531255017016572
75,5,10000000,5.484950418105484,0.2535095331141178,5.01500772318972,6.008603633912147,4.805827875409418,0.19715515578688553,4.432984374809364,5.205869185394963,6.824325593637215,0.28220003096570284,6.29114698160646,7.397262446894818,0.9999886295972524,0.026015104083365874,0.9493207347606636,1.0512978983099392
80,5,10000000,5.530885663020922,0.25166800274004036,5.064738128000299,6.050733399532862,4.853519046440459,0.19579948482321272,4.483507212669753,5.25064840790467,6.89111495158731,0.2802380429713316,6.362007025494746,7.460047513842954,1.0000035121483029,0.02518505768897437,0.9509367818035235,1.049671656056796
85,5,10000000,5.573668606148361,0.2499910914305262,5.110744015155,6.09049922946715,4.89792033977001,0.19456787217020827,4.530258384061937,5.292664718714253,6.953329528796029,0.27846896416741407,6.427752972875116,7.518806240806643,0.999991140749325,0.02441973994944735,0.9523963894278984,1.048126380266533
90,5,10000000,5.613612477009871,0.24844756154468556,5.153878297283239,6.127339185016369,4.93936876938358,0.19343681155632303,4.573833203378126,5.331939253028218,7.011417529929644,0.27682561834405567,6.488908099059048,7.573733942814317,1.0000032235085041,0.023714072817859255,0.9538081754723785,1.046769925794224
95,5,10000000,5.651254779559194,0.24714487940363383,5.193984597630824,6.162675472117717,4.978425681357018,0.1924525716710078,4.614890816017828,5.36897327126823,7.0661611323038,0.27540309923835715,6.546524820695924,7.6255878406590885,1.0000058847314617,0.02307262278032722,0.9550561056015233,1.0454820823696593
100,5,10000000,5.6866752704153525,0.2458279396809677,5.232291231880633,6.195636214515955,5.015268990678636,0.191389090324854,4.653865168115754,5.403873379469958,7.117823740910259,0.27387247771243706,6.6012363847427755,7.674557517666858,1.0000031924818,0.022489791686696212,0.9561747596710495,1.0443187563643213
2,6,10000000,1.7723840557715052,0.3781933648727954,1.0808670559608942,2.5576218825638604,1.1283345838113499,0.24605362971667405,0.6817982173065669,1.6428228106417953,1.7723840557715052,0.3781933648727954,1.0808670559608942,2.5576218825638604,0.9999606223124126,0.21337275702810768,0.6098139341730646,1.4429836247963288
3,6,10000000,2.4087251707533013,0.36430248743120835,1.7286176228476795,3.15370184297208,1.692524792996028,0.25654855811941485,1.2133627233221713,2.2170670477570673,2.5395410622872108,0.3783848598197371,1.8301227250657397,3.3107687781220685,0.99997581622635,0.14825247121675394,0.7216167276440831,1.301656980028467
4,6,10000000,2.79328873706145,0.3493723750364519,2.136590167352496,3.504941492771376,2.0586785220889654,0.25397032214984916,1.5796179110764423,2.574085091014888,3.033893240107405,0.3696459280880428,2.335031955154069,3.783059462100245,0.999956122729115,0.12004807349181609,0.7722472869639848,1.2425308492103728
5,6,10000000,3.065862015630118,0.3375777244766013,2.430173608593179,3.752296648992812,2.3259368246942826,0.24943237145950742,1.853306117371249,2.830158355130927,3.39580776883455,0.36098014913141335,2.710981316484831,4.124823136082287,0.9999989869508397,0.10354253455084642,0.802611728469405,1.2081245099251736
6,6,10000000,3.2752142178262895,0.3278855057501286,2.6574032322661254,3.941881707885965,2.534436089057313,0.24478711683242027,2.0693879981647756,3.0288334486398356,3.679195957522329,0.3531513209510234,3.007964585426827,4.391910947943049,0.9999972644603912,0.09233580831074345,0.8234063506627384,1.1851681755287131
7,6,10000000,3.44416698576129,0.3201119886890885,2.8409465816125614,4.094953226359029,2.704350720643412,0.24055124866475283,2.2468885250817445,3.189177744164046,3.910939732312042,0.34646317349719635,3.251923679787933,4.609414787824196,0.9999891286780351,0.08416199122457531,0.8386307055299667,1.1684128349154892
8,6,10000000,3.5853115423540234,0.313225678351462,2.9950600446797524,4.22240383704866,2.8471633659282367,0.23649799596040663,2.396842662969529,3.323697943198734,4.106234401814911,0.34023904177094266,3.4585276099157225,4.791990718337928,0.9999988094777299,0.07778280017636469,0.8505472586298392,1.1553615022025392
9,6,10000000,3.7063250732209236,0.3078031634693957,3.126645977711997,4.332324167113278,2.9701302938028844,0.23328746016218466,2.525987718205496,3.440013355692038,4.274854643573315,0.3353611352769265,3.6365043099325383,4.950477977741149,1.0000276308768201,0.07272475315086831,0.8601215892306245,1.1450609561312375
10,6,10000000,3.8115110524012095,0.3026485676811418,3.2416889593227527,4.427417641828023,3.077441998748287,0.23007571412722816,2.639171787696417,3.540636637654056,4.422233653581237,0.3305466449778882,3.7929759854124776,5.088193775395025,0.9999893468372479,0.0684965225138225,0.8680535180463214,1.136562748807443
11,6,10000000,3.9047472859456427,0.298275200400109,3.3430538953224778,4.511965923892619,3.172807150961161,0.22729268365762326,2.739730376961266,3.6303095860168626,4.553444892136804,0.32640670375224534,3.931689919568814,5.210666005518819,0.9999954605503872,0.06494801789128493,0.874813333227653,1.1293181343058416
12,6,10000000,3.9882993493339494,0.29435360436573915,3.4340571661115833,4.587719789506295,3.258313923292814,0.22466992919991355,2.8302423651318644,3.7106460261798957,4.6712767924968945,0.3225615224510893,4.056933105571484,5.3208826509835045,0.9999713135216401,0.061875998124389035,0.8805617298997139,1.1231228739436792
13,6,10000000,4.063827134179303,0.2909371521766053,3.5163969332833416,4.656443765934513,3.3358985430356753,0.22242480443608764,2.9122401843879158,3.7838034744311098,4.7783117581431105,0.3192509270139154,4.1706795496015765,5.421537071007391,0.9999797780983346,0.05923289675495802,0.8856832938222987,1.1177843991652217
14,6,10000000,4.132841315006571,0.28770139714662907,3.5919169884174305,4.719147604311863,3.4067581752697786,0.22029435152112262,2.98721497638608,3.850465033144246,4.876174499738289,0.3161192086266673,4.274610806077129,5.5130714986739955,1.0000111569134436,0.056897856525061054,0.8901490767143379,1.1130605725326888
15,6,10000000,4.196119070956935,0.2848175063170212,3.660424939655855,4.776440062967197,3.471879249745675,0.21831423514178777,3.0558431721792343,3.9114231594679727,4.966180959343102,0.3132304277639925,4.369690245521825,5.5971853455774365,1.0000274489637728,0.05479261882021486,0.8941225931524817,1.1087772769486475
16,6,10000000,4.254555082022757,0.2820654538555406,3.724318022831679,4.829452680558522,3.5320044620524347,0.21637555679034096,3.1198170052955168,3.967710232593657,5.049396982712397,0.3103931736196948,4.458289362675928,5.67466660523338,1.0000052362595397,0.0529057058380318,0.8976517025884019,1.1050148864698477
17,6,10000000,4.308589863412331,0.27968676879495796,3.782921060068147,4.878906522306053,3.5878135834774794,0.21477601223661538,3.178724570043954,4.020642034534929,5.126636553800425,0.30804748315106395,4.540113064221304,5.747837049843324,0.9999842501201948,0.051225888286821265,0.9008524683055698,1.1016579933226693
18,6,10000000,4.35928019498903,0.2774942690975918,3.837961258077241,4.925560295870694,3.6400996934768215,0.2131838978039304,3.2341074279479987,4.069486549238424,5.1990966429870475,0.3057518161141161,4.617097212094227,5.815236491877228,0.9999931724559659,0.049673196014490315,0.9038004854871631,1.0984683494730803
19,6,10000000,4.406625534596771,0.27538308050706795,3.889338533721581,4.968656726853944,3.6889151011992984,0.21176094924501615,3.2856095418331446,4.1157453944877505,5.266787341130041,0.3036714467000194,4.688719527260379,5.879277209248046,0.9999746083674976,0.04827153179752469,0.9064914536496592,1.0956657128920408
20,6,10000000,4.451223070856536,0.27333552566973496,3.937947406553193,5.0089564837366085,3.7349318759305694,0.2104071875246324,3.334251116348523,4.158530121649425,5.330630993271777,0.30168480147182464,4.756491557705677,5.938592305229515,1.0000033894987541,0.0469929344331258,0.9089724184504575,1.0931374739532027
21,6,10000000,4.493127152769609,0.2714338338914042,3.983460397867413,5.047155222101032,3.7782436206521184,0.2090443268689422,3.3801044801757425,4.1993522709123425,5.3907250256562715,0.29970520426072705,4.820340786992598,5.995041753416198,0.9999778838858504,0.045785231405031115,0.9112801770953701,1.090706534882223
22,6,10000000,4.532882970475,0.2697263362233996,4.026786692562697,5.084034867510161,3.8192645782169445,0.20783279068852353,3.4235906027707155,4.238054160275114,5.447707327970634,0.29796043309677644,4.880831408880304,6.048399706212867,0.9999780902873388,0.04467509919253963,0.9133961871731661,1.0884926831260475
23,6,10000000,4.570682304311695,0.26813003345378644,4.067758366636782,5.118783702002193,3.858326426806735,0.20667555948566074,3.464944077303822,4.27453270823033,5.501982733871249,0.29627897392435815,4.938357184203081,6.099165371926596,1.0000125392996895,0.04364843550043941,0.915441690708457,1.0864723091926443
24,6,10000000,4.606325330184875,0.2664457517037991,4.106618717852599,5.150664406906294,3.8951805912131943,0.20554093402773044,3.503845477047351,4.309368341213676,5.55320826827221,0.2946192848042012,4.992696607775015,6.147157119346969,0.9999786934866601,0.04267390397281782,0.9172036067689443,1.0844287742493466
25,6,10000000,4.640533016927861,0.26508263852102404,4.143658852220841,5.182343261143374,3.930612961381444,0.20457954694611413,3.54133079962425,4.342958308599108,5.6024697340141865,0.2932237638422429,5.04497079064893,6.193804216570517,0.999995518793752,0.041793240161673614,0.9189100152710383,1.082719271688719
26,6,10000000,4.672919831630773,0.2635975302031526,4.178850291785544,5.211702170801225,3.9641676568812945,0.2034879217317843,3.5769812839092388,4.374287319631349,5.6491153427518555,0.2916340449692762,5.094603233945186,6.237093079694854,0.9999836950625034,0.040931786659600455,0.9205881337827914,1.081035801567422
27,6,10000000,4.704223931212168,0.2624180386166062,4.21217825964349,5.241034571693405,3.9965125971086017,0.20266421120220707,3.610909659814467,4.404949840771805,5.694146868572928,0.2904658214878584,5.141869699659568,6.27988326537349,0.9999981657131951,0.0401283676457691,0.9221055213661691,1.079428172652431
28,6,10000000,4.734174163382485,0.26105881065681613,4.2451373366984795,5.26810145294279,4.027504394475018,0.20166513754957027,3.643559302497854,4.433756758217913,5.737287041792857,0.2890040179483136,5.187641747208601,6.319967586553805,1.0000149907733644,0.03936811061224478,0.923589796898647,1.0778694848881392
29,6,10000000,4.762763538809773,0.25987756577762217,4.27584120374751,5.294369544378,4.05706154154759,0.20083249746089835,3.6749990065515665,4.461939086485194,5.778427456417716,0.28778627531655504,5.231506798191814,6.359008339021321,1.0000110706723695,0.03866970664032632,0.9249398361882126,1.0765291471776837
30,6,10000000,4.790154431819596,0.2587208120011907,4.305855576491965,5.319348053470912,4.085468046854677,0.19998868342248305,3.704997525592831,4.488699493884663,5.817989164996282,0.286574998425147,5.273340844376573,6.396167131623156,0.9999957337941565,0.037989423800754527,0.9262637779750361,1.0751823380290755
31,6,10000000,4.8165195135955825,0.257594831089199,4.334321132455466,5.343591858140618,4.112830486172081,0.1991700308546238,3.7339679219773543,4.514468719786001,5.856101119197896,0.2853968182679082,5.313716647568563,6.432083498383216,0.9999824340962382,0.03733813821355217,0.9274735024567787,1.0737937907190123
32,6,10000000,4.842312302622266,0.2565513687508253,4.362046993942801,5.367299459880944,4.139448261641282,0.19846181748713618,3.7619625536860988,4.539910663723021,5.893193534560562,0.2843625330055775,5.352866605779536,6.4673744472591705,1.0000216500322794,0.036737676206986605,0.9286661003765634,1.072696432069552
33,6,10000000,4.866823727695698,0.25547020078737537,4.388507093415105,5.389840343640063,4.164832441839045,0.19762610794570185,3.788965382248572,4.563464114270128,5.9285885874777415,0.2831514280871351,5.390546505394031,6.500092883695052,0.9999977987982599,0.036156893626312865,0.9297370725611903,1.0714475783530983
34,6,10000000,4.890662788611125,0.25458913946031136,4.413938560213056,5.412040757121686,4.189471615233273,0.19695344699491754,3.814810808019238,4.586665491539645,5.962933436759713,0.2821854257580516,5.42649810164569,6.532337051445866,1.0000004488552054,0.03560782929450987,0.930783419217193,1.0703669589938423
35,6,10000000,4.913552769697501,0.2535193043669961,4.439090088437688,5.432643938065538,4.213168684271721,0.1962086798712079,3.8400124410184815,4.609018498039466,5.995983464760115,0.28109813314212,5.461816679115234,6.563489394271318,0.9999827812167477,0.03506992725633848,0.9318448821405584,1.0692831913445162
36,6,10000000,4.935718092735852,0.25262617631077144,4.463139991140346,5.453003290252258,4.236266560103837,0.19558090762690034,3.8642750261623955,4.630721150740433,6.028183388404005,0.2801950974373301,5.495636200180788,6.593615444536211,0.9999923660884934,0.03455761180802551,0.9327746835605225,1.0682510270539756
37,6,10000000,4.95728765470742,0.25176165377149856,4.486604348312614,5.4730001007228255,4.258551451087126,0.19496368795056496,3.8881131854091873,4.652092086043544,6.0592680796846485,0.27930229982519106,5.528971900085364,6.623521719343675,1.0000090696970334,0.03407376904964579,0.9338288853537225,1.0673627490136353
38,6,10000000,4.978253860264614,0.2510093527426044,4.508831999700386,5.492654864631553,4.280229423639272,0.19441163441282389,3.9105689094478384,4.672571402236914,6.089523054242529,0.2784910680258217,5.560486767021978,6.651888152090136,0.9999907240964392,0.03362545325227467,0.9346417486434796,1.0664323216284695
39,6,10000000,4.998539680482449,0.25012972285021035,4.530885446540545,5.51110751166264,4.301278337519043,0.19376037087394568,3.9328073720504646,4.6923011119550795,6.118895463267364,0.2775589727118195,5.591578968754865,6.67949194070938,1.0000184759846653,0.03316482607767113,0.9355183368802339,1.0655247316976901
40,6,10000000,5.018029703948767,0.2494071565202106,4.551933215212482,5.5292990589391735,4.321504839849013,0.1932213257509905,3.9543736292955463,4.711699300553604,6.147117535858557,0.2767702414229696,5.621669019835469,6.706521761148501,0.9999846874850405,0.03274128295227384,0.9363461359902059,1.064686933941283
41,6,10000000,5.037231893152389,0.2486103169052471,4.572865639532729,5.54697712260867,4.341460227232756,0.19267236779363267,3.975369016553754,4.730607404156431,6.174969451501452,0.27597524143388136,5.651014020865221,6.732790475238907,1.0000214764132116,0.03233468149331059,0.9371778635495777,1.063925468362803
42,6,10000000,5.055680538218748,0.24780733242920133,4.592621909663315,5.563597649621222,4.360507482253959,0.1920652193870189,3.995486736328751,4.748170228045104,6.2015665766737085,0.27511050122939684,5.6791510655236594,6.757412672162296,0.9999840801929079,0.031923244055891226,0.9378897993461468,1.06305861963492
43,6,10000000,5.073782874245732,0.24705114127567324,4.61220093823896,5.580151858034783,4.379323380722844,0.19148617612889596,4.015457065532213,4.766046317276958,6.2278355961828975,0.2742630584433929,5.707074987694916,6.782084928613813,0.99998739576301,0.0315403496644771,0.9386462761031402,1.0622471692096103
44,6,10000000,5.091374753188251,0.24640055331491942,4.630880244993526,5.596538220948308,4.397618042747893,0.19100801496628778,4.034820880067326,4.783169009783006,6.253382767252854,0.2735692831368111,5.734079325760606,6.80600950174322,0.9999950456731465,0.031166059099337857,0.9393796337246819,1.0615355965792455
45,6,10000000,5.108467115384751,0.24576570916578505,4.64924498106571,5.6123858070188035,4.415375390654748,0.19057853827322607,4.053257805665438,4.800343383841442,6.278183201845526,0.27295815229984843,5.759924414087585,6.829835240082006,0.9999859401137564,0.030801508455113178,0.9400662362172754,1.0608128114351378
46,6,10000000,5.1254553635661075,0.24508255499556958,4.667617662980116,5.627897074799764,4.432904315840043,0.19008996423305807,4.072088421279128,4.816620963527174,6.302670357099271,0.27224585686735486,5.786198687717699,6.852718626667754,1.0000217103637934,0.030481746211136012,0.9407609221296453,1.0601723271388392
47,6,10000000,5.141518922433013,0.2444624635846606,4.684913174534735,5.64302581873227,4.44960022580232,0.18960134919089655,4.08936348534428,4.832473242325921,6.325996812650417,0.2715402720020251,5.810565922655257,6.874778686757063,0.999997995763769,0.030136552505162867,0.9413938848010146,1.0595042767947092
48,6,10000000,5.157613296729184,0.2438413639680041,4.702428000386488,5.657633164119905,4.466180209501308,0.18922628445765075,4.106698591937916,4.848354449876396,6.34917018547062,0.2709887784721464,5.8349110711886345,6.896902602665999,1.000000351432979,0.029810698724158386,0.9420258541460963,1.0588414000992545
49,6,10000000,5.173116484442283,0.2431925929440978,4.71916092261754,5.672087654865557,4.482343559028445,0.18868996769275104,4.124012062006271,4.863245204405837,6.371743893330823,0.27021496644314713,5.858945456894271,6.917755830638931,1.0000076600134362,0.029512692692065173,0.9425812645554602,1.0582814893785324
50,6,10000000,5.188270090607617,0.24259694458016628,4.735350496180822,5.685861927543581,4.498129664500801,0.188272543103121,4.140513281723915,4.878442712693338,6.393808711435589,0.269610481057969,5.88216226454009,6.938668609561625,1.0000051668284047,0.029201500249904852,0.9431660928220269,1.0576610796165509
55,6,10000000,5.259567225826059,0.2398437122818915,4.812192292872641,5.752068038008742,4.5720581986708035,0.18630761221366687,4.218275945919642,4.948228694185085,6.497159278996373,0.266762821226714,5.991091921364596,7.036192586535493,1.000013158820467,0.027809466309883027,0.9458821544509817,1.0548745458124438
60,6,10000000,5.323579781136719,0.23741156915842423,4.881029131981662,5.811194509149299,4.6384939541181724,0.18442755530308017,4.288421041391691,5.011222436286107,6.590090728637948,0.2640579980030203,6.089325775556861,7.1242123306525915,0.9999907890686247,0.026606923699271364,0.9481821371588942,1.0524953810919992
65,6,10000000,5.38226879851125,0.23512079223899537,4.943830903487339,5.865039489608742,4.699271855709301,0.18276193360076765,4.352490030063874,5.068694029145204,6.675139679476468,0.26164423495294487,6.179198965463686,7.204449622043369,1.0000092461356869,0.025539578394307677,0.9502599608249652,1.050367249580403
70,6,10000000,5.4357115003885,0.23331703642768004,5.001058334089603,5.915319680192695,4.754746307050172,0.1813471765730689,4.4106706083384,5.121506018188978,6.752797950959191,0.2595897093473594,6.260621933979417,7.278174169698566,0.9999990224232482,0.024592877533445082,0.9520807554982372,1.0484831808514032
75,6,10000000,5.484974172456536,0.23142761722505212,5.05408799518773,5.9610638450392734,4.805865905760219,0.17997972888417127,4.464461762246904,5.1697702758863935,6.824377908042608,0.25761824228916935,6.33611989572163,7.345669544212093,0.999991900960482,0.023750157322145936,0.9537274048142483,1.0467921281235653
80,6,10000000,5.530834377792935,0.22972217550078253,5.103072108841506,6.0032111539188975,4.85350816890628,0.17873832160301348,4.514493295666627,5.215026405174287,6.891097338216934,0.2558237390081065,6.406338570595199,7.408941825435584,0.999998857991359,0.022994173287722026,0.9552004153277125,1.0452916254848774
85,6,10000000,5.573701063833601,0.22826191927405462,5.148944806700692,6.04324757776616,4.8979587771509685,0.17762874571332174,4.5613067859510465,5.257536693277505,6.953383873516189,0.2542276335617613,6.47192752289555,7.468365433317485,0.9999968969060995,0.022291956079519393,0.9565385843286848,1.0439373629053594
90,6,10000000,5.613606864984602,0.22678768119535536,5.191530276660904,6.080564820319675,4.9393528048945115,0.17657672656591386,4.604716576982493,5.296542351089142,7.011399271434267,0.252698372643927,6.532949990513229,7.5229736179090665,1.000001232546335,0.021650018772627497,0.9577984279982609,1.0426464642307145
95,6,10000000,5.6512543019424415,0.2256382949887683,5.231662982370178,6.115994775354806,4.978406070845856,0.17566736993935558,4.6455003047760055,5.333955179544233,7.066135508648861,0.25138478824758465,6.590136369141206,7.575243914339125,1.000007556997312,0.02106928574709675,0.958917094427302,1.0415205154458473
100,6,10000000,5.686682412485434,0.2244160109534649,5.269673187739355,6.149310965183046,5.015246980220163,0.17471390795538305,4.6842823681895815,5.3690095820100865,7.117793525359316,0.2500115004224179,6.644562417192342,7.624442887770861,1.0000004309307002,0.02052824665067972,0.9599674129806584,1.0404439204297484
2,7,10000000,1.772383701156676,0.3501003630851062,1.1285851881544846,2.496100447568993,1.1283293991863415,0.22777684258106232,0.712306658828826,1.6024519790531466,1.772383701156676,0.3501003630851062,1.1285851881544846,2.496100447568993,0.9999604222424194,0.19752297804890387,0.6367360073030431,1.4082738720073145
3,7,10000000,2.40869788036599,0.3372142041192017,1.7765062301678938,3.096269138014147,1.6925044553598427,0.2374719355311997,1.247303773916151,2.1766756927034416,2.5395119855174793,0.3502446458925264,1.8805895499371796,3.2514639979602573,0.9999603785333183,0.13722723277399787,0.7414318944886348,1.2786037779432482
4,7,10000000,2.7933369603060902,0.3234716736045155,2.1836220992167465,3.4505163925385443,2.058692968685816,0.23512629758526685,1.6137684689889475,2.534497800708657,3.0339208894781375,0.342224092546216,2.385431618266327,3.7254941877577057,0.9999664931198293,0.11114087894303633,0.7887469262887334,1.22385734861258
5,7,10000000,3.0659368479818014,0.31244927671650474,2.475944334007366,3.7000155344034953,2.32597071559991,0.23087803828599074,1.8874315568155737,2.7918029073710597,3.395857197445391,0.33412289572908055,2.7606395033964604,4.069434170562429,1.0000174682113643,0.09583737341851582,0.8169513147928741,1.1923171469065987
6,7,10000000,3.2752298823999104,0.30356010209433215,2.7013674584627583,3.8908550531767627,2.534438030954276,0.22660765441366543,2.1030011688118373,2.990989360960404,3.6791959783452413,0.326928551519062,3.056276823705786,4.337463981725942,1.000000901540688,0.08548416571146249,0.8361342932635782,1.1710844956721371
7,7,10000000,3.444220929460232,0.2964352235195781,2.8840784552535057,4.045373072321046,2.7043739490926972,0.22275139702620153,2.2798995377691593,3.152584009107201,3.9109745150798,0.3208378256087643,3.299553814045191,4.556468568968823,0.9999926890531394,0.07794121818981908,0.8503482510913715,1.1557334056823352
8,7,10000000,3.5853607863075845,0.2900868246999501,3.037036198082841,4.1737264030519645,2.847209119816217,0.21900880541976292,2.429299480589268,3.287626344564992,4.106297351602436,0.3150801610811123,3.5052333408176777,4.739897812138976,1.000012355010032,0.07203311811447369,0.8614071469410526,1.1436331640204511
9,7,10000000,3.7062899406375633,0.28497745207894704,3.167425025078503,4.284173022958884,2.9701037186499186,0.21599131830192986,2.5576118368664704,3.4043113355691825,4.274812076800534,0.3104973983839508,3.6820966813011275,4.898963037339526,1.000017932560701,0.06732521905168484,0.870245612900414,1.1340916395568286
10,7,10000000,3.8115410800389378,0.28022700397586064,3.2821078327542383,4.380192863228077,3.0774795116254277,0.21301402543773476,2.670929294097964,3.5056052162403843,4.422282386103465,0.30604293207953986,3.8384277410412486,5.037502570521469,0.9999967695080386,0.06341164444467157,0.8776896250762589,1.1262295743636495
11,7,10000000,3.904707101862146,0.27617665885821974,3.38302334707551,4.4650624801935015,3.1727806665397305,0.21042520266437678,2.7709743747824294,3.5956284967568894,4.5534060997208785,0.3021854437574764,3.976431096477254,5.160794246279017,0.9999871648572538,0.06012952473103079,0.883901158292548,1.1195994211847624
12,7,10000000,3.98823422554627,0.27251607305903297,3.4735378888855757,4.541851754632164,3.2582890527953854,0.20801014734934678,2.8610888250533506,3.6763749496840408,4.671236273906997,0.29864674161628957,4.101120672867781,5.2715469561616555,0.9999613967542941,0.057290059296084675,0.8892919205287944,1.113788419498207
13,7,10000000,4.063878904944775,0.26931801537979666,3.5555973610947,4.611358382789305,3.3359235695019605,0.20590866377608044,2.94282090066631,3.7496033599913945,4.778352139684664,0.2955476561209567,4.214440830351452,5.372570339151126,0.9999868837807879,0.05482782674041288,0.894033019879644,1.108887078860194
14,7,10000000,4.132810174388743,0.2663859678355393,3.630365544091876,4.673974392600512,3.4067288982508703,0.20395384636101632,3.0174497013850465,3.8165470590103228,4.8761318176188935,0.29266925286423723,4.317896121980796,5.464505576048756,1.0000018184155148,0.05267075962806396,0.898215723987215,1.10456386877891
15,7,10000000,4.196127685713978,0.26364361583974744,3.698914507823877,4.73205068537874,3.4718856211805345,0.20210364828223049,3.0860142031949263,3.878440673154541,4.966188648249091,0.2899709272425567,4.412976473575226,5.549513446951444,1.0000314995145532,0.050725174846453905,0.9018353533365779,1.1006935917936043
16,7,10000000,4.25456776876893,0.26115458510804895,3.7618463495568615,4.785881920542493,3.5320404122644744,0.2003378805058159,3.149405243097527,3.9347891045504726,5.04944881224478,0.2873958808849712,4.500861590704366,5.627458103287247,1.000006428782091,0.04897911835838916,0.9052140491582319,1.097158000638686
17,7,10000000,4.308521146683956,0.2589261169421684,3.820514346596405,4.835273029507866,3.587775336098472,0.19886681371840664,3.2081581649759254,3.9876268548804688,5.126584081841933,0.2852233560505214,4.582448573302531,5.700455487168848,0.9999741615059113,0.0474282039460561,0.9081299256599579,1.094010343268497
18,7,10000000,4.359301485734218,0.256844775924093,3.87555363115849,4.882075926173875,3.640100551429385,0.19735048543402867,3.2632164313393406,4.036953331852845,5.199098570000634,0.2830389035528942,4.659026582595982,5.768458995131915,0.9999946266667868,0.04598558067607813,0.9108776339072854,1.0911206141840728
19,7,10000000,4.40658048071978,0.2549057079823652,3.926060182090569,4.925339120919896,3.688885216730761,0.19603178206979338,3.314609287416253,4.082977325398375,5.266742542770631,0.2811082731775565,4.730327716760205,5.832269676123788,0.9999707561747361,0.04469376451958188,0.9133342160472235,1.0884971251714943
20,7,10000000,4.451224063061808,0.25302471756398476,3.9745354128365595,4.966013160032049,3.734923860703588,0.194784005705336,3.363305133699554,4.126372105185653,5.330621930665438,0.2792834499443455,4.798017239820147,5.892255216126283,1.0000003479759938,0.04349593148738236,0.9156179848231597,1.0861587551968803
21,7,10000000,4.493130234297035,0.2512932845019073,4.019801631418253,5.004917451501469,3.778248788166336,0.1935277295325651,3.408905346353089,4.167367459840143,5.390735656953495,0.27746550418438065,4.8614544915203135,5.948919557185737,0.9999778515201464,0.042385643094831914,0.9177785023992221,1.083888878295367
22,7,10000000,4.532914491534973,0.24968806292189227,4.063007228348964,5.041541570921216,3.819273900356655,0.19239106412189752,3.4521617922300436,4.206279598873015,5.447720365233567,0.2758205517359785,4.921792551990262,6.0031096403167465,0.9999807563113989,0.04135954582731088,0.9197875464774796,1.0818919593383212
23,7,10000000,4.570663787855866,0.24819498370324622,4.103469100945337,5.07635110405444,3.858307074609971,0.19131187669090338,3.49328307966975,4.242956771288878,5.501955007337817,0.27424795235756766,4.979068909192448,6.053512786144084,1.0000118415295265,0.040399073708204954,0.9216683600278306,1.07997456983098
24,7,10000000,4.606318625106034,0.2467035162210356,4.142029329674105,5.1086985615165945,3.8951758473594404,0.19028178183214217,3.532148642133293,4.277689020968353,5.553201723849124,0.2727509683254073,5.033175849384945,6.1018367910409035,0.9999721000616565,0.03950594285889032,0.9232755369650784,1.0781040737809358
25,7,10000000,4.640506484685803,0.24544898654867348,4.178747870642012,5.1405555355139985,3.9306034516160904,0.18941684033898354,3.5692638962331764,4.3115003507521665,5.602453485848438,0.2714897991473995,5.084913245497983,6.148718246727011,0.9999971280076755,0.03869734603381246,0.9248369390334141,1.0765303934607673
26,7,10000000,4.672872362005802,0.24403507194407062,4.213763239697079,5.169862544091458,3.964128512348473,0.18838245046474997,3.6047771709518446,4.342959875501107,5.649060525258229,0.2699837891820651,5.134507531857691,6.192343423503307,0.9999716195425097,0.0378914596511609,0.9263744572677097,1.0749409317730885
27,7,10000000,4.704219270462044,0.24289920844966653,4.247533684119964,5.199568407754741,3.9965099362760172,0.1875786008299515,3.6387256057559316,4.373894750068917,5.694139999398122,0.26884468230881675,5.181815424053517,6.235405683545732,0.9999977884457308,0.037142732717395634,0.9278396574498625,1.0734761861529503
28,7,10000000,4.734168125695257,0.24167538870891933,4.279708450572179,5.22674942252638,4.027498362807476,0.1867229079227462,3.6711936343527265,4.403188651424748,5.737278444380077,0.26758424938882613,5.227122990323543,6.276073883060929,1.0000150020355842,0.03645307235483853,0.9291961342936021,1.072078011640278
29,7,10000000,4.762792470371072,0.24058171691582791,4.31060936732707,5.253254115263353,4.057083628149888,0.18590804521591622,3.7024273198661155,4.431260041377462,5.778462994408181,0.266403341013192,5.270747957999688,6.315024804825549,1.0000129951938328,0.03580033861944707,0.9304550718152301,1.0707876753293804
30,7,10000000,4.790224146846825,0.2395132567024932,4.340235844263993,5.27856268443217,4.085508971852439,0.18514154932368973,3.7323822791683243,4.458149733059826,5.818049811983892,0.2652984244681914,5.312462249190621,6.35234602560445,0.9999971587788988,0.03517580408046683,0.9316851964917782,1.0695724596987306
31,7,10000000,4.8165074382600634,0.23849401117513325,4.368208965988612,5.302843905438058,4.112831162312048,0.1844062614000514,3.761215100237807,4.4837200952998435,5.8561031551245515,0.2642390110167138,5.352599927559183,6.388023612675155,0.9999818549902748,0.03457114747567617,0.932795312011784,1.0682749401487261
32,7,10000000,4.842236904588932,0.23745814873996182,4.396142641023373,5.326626795648266,4.139404413533534,0.18372432220657248,3.7891131320661495,4.509292907698913,5.893129535669825,0.26323930873009516,5.3915335640906115,6.4234739495834035,1.00001497238323,0.03401166564481105,0.9338796049956601,1.0672278961813308
33,7,10000000,4.8668113233057895,0.23653753964432397,4.422402306156721,5.349533437442112,4.164827773523274,0.18300210664675465,3.81592213411216,4.533149482971259,5.928577858901576,0.26220274273461947,5.4290490659527615,6.456645359636849,0.9999995093974845,0.03347764228090776,0.934883913047066,1.066116342511318
34,7,10000000,4.8906689546498034,0.23568761591564194,4.4476482252748335,5.371385109135305,4.189492179566675,0.18231967039996677,3.841776364548591,4.556259183894542,5.962960561416042,0.26121953516100865,5.4651855044188595,6.4887783433526,1.0000063605272984,0.0329583867252328,0.9359141193782806,1.0651144868343636
35,7,10000000,4.9135208613353445,0.2347406887033718,4.472729228487782,5.392501700327167,4.213142171530512,0.18167251064698128,3.8667261084891043,4.578963482148364,5.995946890586967,0.26027990518850735,5.500008911475107,6.520361075896994,0.9999762161616592,0.03247289993077742,0.9368189237672495,1.0641189585162798
36,7,10000000,4.935751528711992,0.23387417690088647,4.4967283410907655,5.4131494879472015,4.236269115611312,0.18107018267773733,3.8910801090410305,4.60065098803249,6.028189625657724,0.25940800106262696,5.533996248792236,6.55058267581532,0.9999937675400404,0.031987689683003626,0.9377809597289148,1.0631521766698797
37,7,10000000,4.957288255520192,0.233086685798517,4.51991351138268,5.433209609198881,4.258571398192123,0.18050364937524083,3.9147075760713985,4.622260369108478,6.059295782117315,0.2585880521680645,5.567049695930737,6.5808214224721615,1.000008235251168,0.03154592107094254,0.9386732446557869,1.0623270453516334
38,7,10000000,4.978267411737857,0.23243461009051677,4.542101962879764,5.452792463878454,4.280263467186758,0.1800054071975776,3.9371610906974164,4.642663676004156,6.089571928762903,0.2578536591425631,5.5984812734691065,6.609136055147752,0.9999943882552026,0.031131033589215745,0.9394161961187035,1.0614931942282864
39,7,10000000,4.998490735445479,0.23156201842736182,4.564053115245486,5.471238676404423,4.3012462007354095,0.17938996664652865,3.9592371743059642,4.662523707305469,6.118845454798839,0.2569692888472334,5.629336889666897,6.636768868633311,1.0000108888769632,0.030702160473531484,0.9402575213943972,1.0606197836416775
40,7,10000000,5.018032625205152,0.2308745273209645,4.584952784275587,5.489836857893445,4.32152846472719,0.17889014517758947,3.9808907918209813,4.6821579628221395,6.14715141408423,0.25624258254307986,5.659559396283837,6.664094840757173,0.9999846406002253,0.030312012645054013,0.9410241963764153,1.0598721185122604
41,7,10000000,5.037196601277964,0.23018555026000015,4.6054613229710295,5.507535170270605,4.341427897243088,0.1783753322529625,4.001872423531725,4.700866984470347,6.1749242511592115,0.25549714492160264,5.688891021597301,6.690076240944876,1.0000135111762167,0.029937499796814253,0.9417991870614456,1.0591454975935974
42,7,10000000,5.055670673812175,0.2294516386818702,4.625537126522078,5.5243424245240025,4.360500646315394,0.17782907564308517,4.0217347620472665,4.718459222794372,6.2015555667149815,0.25472102360628274,5.71676394425345,6.714709397632028,0.9999819479196973,0.029553396834721874,0.9424820776531783,1.058311827793569
43,7,10000000,5.0738112415493815,0.22873553989736511,4.644811818670806,5.541217191459321,4.379346183947526,0.17728297859647937,4.041663628365586,4.736529216413529,6.227868534818868,0.2539204479695489,5.74457580727685,6.739713736757104,0.9999864110946055,0.02920662944546683,0.943157369990501,1.0576237054597926
44,7,10000000,5.0913598769553525,0.228096941211809,4.663628340661616,5.557676703622846,4.397610811418306,0.1768613923473399,4.060852368241602,4.75379435410971,6.253372386780423,0.2533043496773604,5.771501403716577,6.7639543932403585,0.9999945403412158,0.028861075547888804,0.9437891688950804,1.056975809180784
45,7,10000000,5.10843222592876,0.22755609907119276,4.681834656201858,5.573582953599913,4.415348738557269,0.17645516018748156,4.079311581953475,4.770962223278341,6.278145533978508,0.25273127326532147,5.797291016823623,6.787783176946118,0.9999864877476307,0.028519441144868863,0.9444839685132256,1.0562875824800215
46,7,10000000,5.125464013011372,0.2269253174462363,4.700177846882979,5.5894032876472,4.432888870789402,0.17598177919661248,4.097735568301361,4.787427982612506,6.302651127081539,0.2520452605641984,5.823071923613658,6.810784904726056,1.0000151121825056,0.028217850862245705,0.945108126621739,1.0557034251906305
47,7,10000000,5.141507240438378,0.22635953334427322,4.717281982063375,5.604575785747186,4.449617449863378,0.1755607910233488,4.115312250254596,4.8034863117725095,6.326016396498336,0.25142804189232437,5.847603458869723,6.833106313459779,0.9999987553723085,0.027903871848833514,0.9456612014862621,1.055064609495763
48,7,10000000,5.157595607251607,0.22574718532415494,4.734542750771048,5.619202931248857,4.466185920792528,0.1752045165437364,4.132622071432409,4.819218746310798,6.349179988977481,0.250902516637828,5.871850579629037,6.8551060705782,1.0000001243229515,0.027609523330051008,0.9462605357001639,1.054459519934974
49,7,10000000,5.173148389996677,0.2251294312236533,4.751313155612547,5.63350597820231,4.482355759553119,0.17469745283552282,4.149709303303694,4.834224469023619,6.371765517571376,0.2501745920231971,5.895790898874411,6.876043091775874,1.0000108621217447,0.02732377257209373,0.9468292595533979,1.0539292650840075
50,7,10000000,5.188286558646945,0.22461334966753743,4.7673462613242386,5.647713875719414,4.498133771188414,0.17428334431156223,4.166296168357944,4.849388783942293,6.39381375765433,0.24957750368840212,5.919007518579242,6.8971470712707745,1.0000068682162895,0.027035973544732455,0.9473430977289242,1.053340692962781
55,7,10000000,5.259521031921311,0.22204662034699635,4.843693556454794,5.713888292482531,4.572008383774774,0.17246884415955754,4.243531498439711,4.919541800560972,6.497088280850272,0.24694804477218138,6.027223670140816,6.995092113552788,1.0000089752150814,0.025743087545500462,0.949845139905347,1.0507753957541262
60,7,10000000,5.323572372890302,0.2197543080832472,4.912263543473728,5.773624107321382,4.6384617083945505,0.1707321143426873,4.313657456517726,4.982697120455098,6.590046271713495,0.24444477608228965,6.12536785181143,7.0832244227261505,0.9999889073437536,0.024628980001622506,0.9520014761530726,1.0485659587388043
65,7,10000000,5.382276293046762,0.21774760071223176,4.9747701928608095,5.8280476171319355,4.699263773722038,0.16924177658410983,4.377277682699084,5.040564312829403,6.675129861566239,0.24228941861358447,6.214572834106414,7.164069407395008,1.0000099069867874,0.023647481329013433,0.9539256054538094,1.0466182694024184
70,7,10000000,5.435748816810814,0.2159914828184505,5.031712356669734,5.878454733561821,4.754785666968079,0.16788964760759484,4.435455873980862,5.093537800183637,6.75285077061256,0.24032892726303143,6.296125599101128,7.238142621462109,1.0000016469210773,0.02276219815228529,0.9556169911990422,1.0448405690330254
75,7,10000000,5.484995344835828,0.21423104092325285,5.084627645388801,5.924252906365455,4.805883323367244,0.16662448820762826,4.489084907266796,5.141955443290073,6.824402183437003,0.2384992997370166,6.371279250835499,7.3058008827600505,0.9999948819238581,0.021988783605289663,0.9571036963800221,1.0433272309211503
80,7,10000000,5.530881832319192,0.21272121390934623,5.13307909855038,5.966917453036664,4.8535160358203235,0.16548211455660897,4.538973764699873,5.187420285997143,6.89111241570912,0.23685192367008587,6.441244138887762,7.369381854867273,1.0000019346344335,0.021287586697579026,0.9585031356708864,1.0419335832056644
85,7,10000000,5.573688577516533,0.21133718088975334,5.178809881128348,6.0072165551168455,4.897944045101952,0.1644579448800529,4.58532826559057,5.230116072784551,6.953361706062028,0.23537775098967456,6.506253611161364,7.429193696167848,0.9999937230342234,0.020638166724010174,0.9597368843068119,1.0406435431334113
90,7,10000000,5.613589019714649,0.20993987713093765,5.221337016590761,6.0441326403785816,4.939318957593586,0.16346944393911678,4.6288296892955545,5.269398069301893,7.011350752193178,0.23394030105290214,6.5673505125340395,7.484032646033502,1.0000014599830374,0.020040811501045547,0.9609136514624622,1.0394736928896422
95,7,10000000,5.651269371358664,0.20888439526734345,5.261369553122655,6.079842083611077,4.978426345809156,0.16262815086075127,4.669398197524945,5.306743468252435,7.066163672480995,0.23272558400093477,6.624301608612751,7.536369465283085,1.000007972316654,0.0195034056733382,0.9619556507156074,1.0384245144623865
100,7,10000000,5.6866817883217315,0.20775526156011992,5.298993908047014,6.113088859213085,5.0152332438768115,0.16174474503797512,4.708004252944703,5.3419309979849245,7.117775909339821,0.23145472778919732,6.678465781995237,7.585629276560418,1.0000021130345937,0.019003613397924116,0.962936608083506,1.0374283890698766
2,8,10000000,1.7724570047643915,0.32752938236149115,1.1671720022757706,2.447667988539092,1.1283715665290637,0.21308340467098802,0.7370423055280559,1.5700610028218558,1.7724570047643915,0.32752938236149115,1.1671720022757706,2.447667988539092,1.0000017793743279,0.18478866583419173,0.658506285892566,1.3809487831170408
3,8,10000000,2.408685971387648,0.3154394173902658,1.815781907444874,3.0504450975780997,1.692507395877631,0.22213632253889487,1.274853772913301,2.14437082088044,2.539509195681929,0.32763267257238193,1.921547543773108,3.2039467185139543,0.9999622991367025,0.12836607335843944,0.7575404391291346,1.2600415001496237
4,8,10000000,2.7933305082320024,0.30257299209183114,2.2215771833303797,3.406661904597195,2.058691613550844,0.21995090214576443,1.6416909220374647,2.5030254403146173,3.033915871558043,0.32012236687580203,2.4260264639416893,3.6796951006422303,0.9999684777414899,0.103962984772222,0.8019682748250218,1.2091731136625647
5,8,10000000,3.065894111000199,0.2922464061606653,2.5126891526370922,3.65749811906814,2.3259556442116454,0.21595191177368026,1.9147791722668184,2.761085770535189,3.3958305092019736,0.31252182238879384,2.800369354564453,4.024918157924434,1.0000108663161509,0.08963734583497167,0.8284635164729657,1.1796070439683093
6,8,10000000,3.2752108743933066,0.2839158121380134,2.7371413987658992,3.8497408506416395,2.5344276304377633,0.2119450558135638,2.1301863067886457,2.9606855208289153,3.6791746303420245,0.3057790314234927,3.0955640842983887,4.294045518227906,0.9999960162465522,0.07995702611168565,0.8464858974665063,1.1598150005637173
7,8,10000000,3.44426615447821,0.2772762124421323,2.9191839710620258,4.005344761103429,2.7044043241413314,0.2083495633322049,2.3067563744921378,3.122916470335984,3.911022709935944,0.30009455710228183,3.338224136001755,4.513642385466195,1.0000058809276078,0.0729031451495347,0.8598836735131953,1.1454438723746194
8,8,10000000,3.5853841510387743,0.2713768673387785,3.071274686163716,4.13462519820122,2.847218252345523,0.20489989099428546,2.455349593334806,3.258605658237445,4.10631673849717,0.2947808353951993,3.542729251453723,4.697972047040861,1.0000184894986937,0.0673902819532664,0.870129656520899,1.1342753067402507
9,8,10000000,3.7062538565759318,0.26655309810763284,3.201100322305109,4.24558369670099,2.970092655425953,0.20202607386595317,2.5838109648069887,3.3754054267737996,4.27478970164953,0.29042052679067465,3.7195924045074276,4.857470248050623,1.0000169077709646,0.06297345440776561,0.8785152778619691,1.1253099320270157
10,8,10000000,3.8115252985349453,0.26213371350647996,3.3150470477023544,4.342432753035571,3.077469863176782,0.19924108030569698,2.6963844931226246,3.4771207450042656,4.422267415687358,0.28625930782870124,3.874886006733094,4.9967069232091985,0.9999958524378367,0.059310710931119885,0.8855030469049574,1.1179733659910007
11,8,10000000,3.904745587318804,0.2583321482042191,3.415540715024394,4.427855201442098,3.1728183219581507,0.19682740724846162,2.7963726550140455,3.567790263739385,4.553462813001726,0.28265896180778827,4.012972770141964,5.1206840088616365,0.9999974932622995,0.056233881744012094,0.8913121868925069,1.1117444208058171
12,8,10000000,3.988244832646539,0.25495193869642446,3.505787771161181,4.505003060502799,3.258303003571726,0.19459500796223234,2.886124448444416,3.6489086908637627,4.671258793148678,0.279390288507984,4.137178446057853,5.232099552792939,0.9999641036267984,0.05358917405307762,0.8963144764978876,1.1064120083012807
13,8,10000000,4.063852544388623,0.2519339982341522,3.5873163057741935,4.574830598057149,3.335918342703395,0.19261727536870699,2.9675773823188156,3.722447115188712,4.778339350212082,0.2764740469476399,4.249847879350214,5.333549172242699,0.9999853516868129,0.051289018293254135,0.900790013229054,1.101793103226088
14,8,10000000,4.132813997903061,0.24920654584304497,3.6615916159121413,4.637835647207564,3.406739155381207,0.19078384026959938,3.041839576765705,3.789603424682349,4.876147698660222,0.273767734808682,4.352784249280201,5.425668127128207,1.0000094761800684,0.049269408399640204,0.9046990678388968,1.0977813473791034
15,8,10000000,4.196121848681902,0.24665374273254306,3.729644528428093,4.696272407612875,3.4718785485468464,0.1890870463835689,3.1103171781755905,3.851502754385936,4.966181296807469,0.27128927931063457,4.447790068217149,5.510987041945742,1.0000285665018116,0.04745563628865936,0.9081587474947811,1.0941484239952366
16,8,10000000,4.254581014351194,0.24427811179134024,3.7926857775059504,4.750268105720177,3.5320418651024355,0.1873787186884005,3.173564230722562,3.908039007845604,5.04944728227311,0.26880889261382557,4.535455183630136,5.589187333307814,1.0000042716550184,0.04580794288117348,0.9111944434756588,1.0907947623954206
17,8,10000000,4.308504307735295,0.24221419429922306,3.85070049049784,4.799885597376534,3.587758798251114,0.1860389480166382,3.2319387384805878,3.96107728163028,5.126558192941312,0.2668200176321773,4.616678726629459,5.6622665542556145,0.9999728727725425,0.04436681748253595,0.913988392104134,1.0878825104579326
18,8,10000000,4.359308759583597,0.24023955778882033,3.9056852106946294,4.847206173468616,3.6401043454743376,0.18461971566435928,3.2871317623283556,4.010799205413881,5.1991021862421345,0.2647768958683694,4.693218892028942,5.7309123221776055,0.9999988282723759,0.04301788732010845,0.9165957101539679,1.0851895336412711
19,8,10000000,4.406544656876041,0.23843136815256058,3.9559083967602593,4.890147313274614,3.6888652236660904,0.1833877179337186,3.338069922461563,4.056922142611042,5.266712443999142,0.2629770401065049,4.764183696194681,5.794644875455657,0.9999692915923116,0.04181298686617139,0.9188813347187821,1.0827235200859202
20,8,10000000,4.451184281752052,0.2367072052915937,4.003920336462337,4.931615699597954,3.734902574450316,0.18219146746513615,3.3865317264627257,4.100620975389377,5.330586019184513,0.2612339715515388,4.831413833475983,5.855248035353425,0.9999932783795857,0.04068586032670662,0.9210324728436642,1.0805235820356813
21,8,10000000,4.493209950786604,0.2350682391529717,4.0493667225909125,4.9708248726820665,3.7782903507992707,0.18104346765419693,3.4322113659137767,4.141918387021755,5.3908004300289365,0.2595652980533711,4.894761416468742,5.91227856672569,0.999987115002623,0.0396507109880673,0.9230313400035924,1.078418468405229
22,8,10000000,4.532947558006187,0.2335615848925798,4.092071769673155,5.007524221388674,3.8192977574877216,0.1799730667785469,3.4752370832255326,4.180768824126548,5.447757764069845,0.25801835893515995,4.954860140802883,5.966392219543624,0.9999881092092624,0.038682383215919866,0.9249084599538049,1.076498556498848
23,8,10000000,4.570668658334774,0.23215807704200656,4.1326381186159065,5.042406026482125,3.8583105742957153,0.17893761313831785,3.5163572350835866,4.217544085029089,5.501959608415451,0.2565127866708079,5.012112328978709,6.017063029086769,1.0000141595658845,0.0377881592390208,0.9266908558133216,1.0747825390478667
24,8,10000000,4.606361549280427,0.2307531541533242,4.170911390880936,5.075281885041718,3.8952124068895393,0.1779718303516254,3.555143795368176,4.252612566681252,5.553254774182091,0.2551053406999375,5.066017345902684,6.065793312091745,0.9999785497790193,0.036951031757046865,0.9281813568677223,1.0730496402541168
25,8,10000000,4.640517756860397,0.2295451810431226,4.207499733915976,5.106980732595806,3.9306056763533235,0.17716152876441027,3.591987221098255,4.286318600295095,5.602460744473619,0.2539200065478112,5.117447381683553,6.1125516486537546,0.9999982079596913,0.03619521226588859,0.929649311482156,1.0715488378896503
26,8,10000000,4.672910163249623,0.2282700042008388,4.242323236516635,5.13679827666536,3.964139240962867,0.17620338921410622,3.627487364421548,4.317983220149315,5.649076391326207,0.2525324477761337,5.166864237857632,6.1564844447753035,0.9999776058746176,0.03543945767908441,0.9311517800561051,1.0700316292351857
27,8,10000000,4.704285905330484,0.22722301781948215,4.275719568297094,5.166543423952182,3.9965436070432863,0.17547014240200967,3.661275310207401,4.348899970633636,5.694190023024889,0.2514908928896854,5.213998126853744,6.199684576734082,0.9999997307773141,0.034749137075061075,0.9324476516540519,1.0687110820410612
28,8,10000000,4.734191494450935,0.22606583854597725,4.308079348953249,5.193829796445177,4.027495960113458,0.17464174598250148,3.6937786102375965,4.378152061515916,5.737279110677607,0.25027318250985636,5.259539675674157,6.24005748030744,1.0000136299800733,0.034095023103721,0.9337375474793199,1.0673565838744383
29,8,10000000,4.7628241338330115,0.22505667340425412,4.338641031274306,5.22058597244992,4.057098696966616,0.1739141186553935,3.724744901812669,4.406398218545668,5.778482970404815,0.24921837085860624,5.302556466047362,6.2794585293735485,1.0000187724625227,0.03348996503818225,0.9349153545378583,1.0661848935005176
30,8,10000000,4.790205138994045,0.22405524776454658,4.3679655389463345,5.246070533474252,4.0854993843391165,0.17320278012056148,3.754634971219102,4.433453585550509,5.818037956156256,0.24819222986666106,5.344232216985646,6.317032864449901,0.9999951441942422,0.03290404770144077,0.9360781587275956,1.0650518841672287
31,8,10000000,4.816531280109889,0.22309301695029735,4.395998582894828,5.270467573033293,4.112865615071785,0.17247987026169992,3.7832534302035126,4.459267103531863,5.856150202027516,0.2471494598997732,5.3842226133531055,6.352863277877873,0.9999872454280477,0.03233993899768199,0.9370994944507549,1.063850486792777
32,8,10000000,4.8422594582793375,0.22211278527619072,4.423509492220891,5.29424016320215,4.139407235834729,0.17184029488228014,3.8112107463909557,4.484777817151899,5.893135581637415,0.24620779060107725,5.423189334170169,6.38826857859523,1.00001561468668,0.03181588297692238,0.938127913348117,1.062839345755357
33,8,10000000,4.866825613055658,0.2212643516060685,4.450008115865825,5.3171284528296665,4.164834206665115,0.17118009260925318,3.837994643868664,4.508874560936311,5.928588902237212,0.24526588915927627,5.460600581935798,6.4218522079477385,1.00000077606572,0.031320382387646055,0.9390478176278464,1.0618392561043375
34,8,10000000,4.890630046359725,0.22051462199700753,4.4750216563606315,5.339372768964345,4.189466258845529,0.17056511382047967,3.86355219287333,4.532073311919183,5.962923731118621,0.24438528839249662,5.496188094630159,6.454161896266678,1.0000049186660378,0.030831449585890743,0.940009556974989,1.0608878030992706
35,8,10000000,4.913495480142989,0.21962639451019983,4.4997775998936795,5.360597314102497,4.213124321141747,0.1699557701797338,3.8885449237465286,4.554633797369542,5.995916948176692,0.24349355391178215,5.531166200754757,6.485614083504771,0.9999766004123053,0.03037700131667699,0.9408365494242878,1.0599385852211862
36,8,10000000,4.935697281184563,0.21874527127490406,4.5238695632216865,5.3809547298920775,4.236245912830751,0.1693512258674374,3.9127315696200253,4.576636699287196,6.02815315818355,0.24261617912535863,5.565100798970156,6.516165479835058,0.9999969440380313,0.02991804291431509,0.9417683318515668,1.059056618993529
37,8,10000000,4.957292701876547,0.21803868258526837,4.5468733716700935,5.401345929462979,4.258580171502695,0.16882935353339842,3.9363243887511383,4.597970285763727,6.059306184672423,0.24186800514595264,5.598020405593208,6.545907774706038,1.0000128919521605,0.029505753776639415,0.9426087791523295,1.0582771792862031
38,8,10000000,4.978271594320692,0.21739020995921315,4.569155223879953,5.4210331937367995,4.280276966529597,0.1683638882882842,3.958978751036722,4.618706247683673,6.089590379155878,0.2411814161583537,5.629541972276953,6.574600624182531,0.9999999519165594,0.029119009022386233,0.9433249262808687,1.0574844405000468
39,8,10000000,4.998435127763021,0.21658633701233657,4.590795208213241,5.439775149231293,4.301202382070042,0.16780237821230756,3.9806749271818203,4.638665597545366,6.118777452591559,0.2403686284740403,5.659909630660686,6.602424781693307,1.000005988335654,0.028717999776783937,0.9440828617967413,1.0566679420539504
40,8,10000000,5.018063352789336,0.21593961798033898,4.611751299073519,5.458220110591107,4.321579809539134,0.16731108023316782,4.002270979081268,4.658190709841066,6.147218934730794,0.2396581765017334,5.690151220132473,6.6297807081206,0.9999930022207448,0.028352440841563457,0.9448093985774006,1.0559595707016187
41,8,10000000,5.037185355204166,0.21534089189617897,4.63207891822888,5.4758537127963365,4.341409020456374,0.16687654602425359,4.022983548147379,4.6770706971102225,6.174896955553782,0.23902762067724706,5.71913873348098,6.656002123568984,1.0000123778609604,0.028008217491868555,0.9455043546719472,1.0553127658452675
42,8,10000000,5.055697562252942,0.21464417984027057,4.6521440976249995,5.49317045997043,4.360541764425626,0.16635189208579254,4.043070033008337,4.694858457093897,6.201610296170205,0.23828116188513326,5.747154942202265,6.680992740131678,0.9999908254752001,0.027645425165371745,0.9461653737221409,1.0545533792398074
43,8,10000000,5.073818405066231,0.21394597916255315,4.671374195235514,5.509676143962488,4.379348512104158,0.16584408763386843,4.0627965914155695,4.712812870266766,6.227871528729583,0.23753433671012048,5.774711187228648,6.705772231669738,0.9999861960839778,0.027322496834755853,0.9468071202047003,1.0538644805252029
44,8,10000000,5.091361693535235,0.21338647033011252,4.69002987165234,5.526464426575725,4.3976235074695404,0.165466048669047,4.082014435859576,4.730267642247798,6.253389140032786,0.23698356376642582,5.801649801278243,6.730071147318305,0.9999941790199237,0.02700133899086112,0.9474514481723368,1.0532729315066907
45,8,10000000,5.108389887267403,0.2128604066893499,4.708066719969495,5.542288471235265,4.415336873929559,0.16503795609074873,4.100421671645298,4.747288784209738,6.278126645887797,0.23637963515554747,5.827339006429919,6.753832663684898,0.999984280153218,0.02667632964660428,0.9480490563783167,1.0526086954257539
46,8,10000000,5.12539007450484,0.212286959342608,4.726405476489944,5.558051197092866,4.432851747764298,0.1646160480124803,4.118845907198163,4.763806824007454,6.3025956169050525,0.23576853010408824,5.853215791985094,6.77709036338742,1.0000107735962471,0.026392280384197327,0.9486192769924717,1.0520617344359093
47,8,10000000,5.141526291978398,0.21167591880245334,4.743553078934885,5.572940332412339,4.449660360908504,0.1641803183892654,4.136295443484819,4.780053812379828,6.326075635908418,0.2351284009590733,5.877640890739917,6.799350430582433,0.9999999932715442,0.026095638911442644,0.9491435413143077,1.0514772485835167
48,8,10000000,5.157575471960007,0.21113652397313526,4.760708154172395,5.587903030288889,4.466163075414674,0.16385011119298096,4.153633021102624,4.795712848111148,6.34915051532453,0.23464780357786627,5.901963261495362,6.821443966445716,0.9999942884179864,0.02582603735531879,0.9497027244771741,1.0509086307294047
49,8,10000000,5.173117302164609,0.21055323807823348,4.777420330924522,5.602565747820589,4.482332673981539,0.16337590619739578,4.1705637051843665,4.810949750859389,6.371731858512347,0.23395983001332551,5.925705833344651,6.842599949630955,1.0000050201434574,0.025550759150532763,0.9502300399655847,1.050417257817455
50,8,10000000,5.1883045749528405,0.21005454698789308,4.793376300185902,5.616767045173669,4.498122104479907,0.16301004330591634,4.187202768432797,4.826162170969738,6.393800341062376,0.23343251889822822,5.9488628830883234,6.863852143446233,1.000003989943897,0.025282143854156756,0.950753592136991,1.049834554569427
55,8,10000000,5.25952487207651,0.2076805066714137,4.869369000007015,5.683326281683147,4.571993987818685,0.16130571252171974,4.264184310336076,4.896428940325821,6.4970720888907465,0.23096500854951893,6.056581840749139,6.961955403439739,1.0000062470736808,0.024080954479419697,0.9530700106910643,1.0474928514614525
60,8,10000000,5.3235507791226855,0.20558208558282628,4.937681027104622,5.74341009842593,4.638443597366409,0.15972628992136292,4.333960179190212,4.960023823343165,6.590017737760996,0.2286866955287163,6.15448283728015,7.05086217654639,0.9999908538490773,0.023040383953241563,0.955102142404767,1.0454402683435682
65,8,10000000,5.382249435927774,0.2036643693400933,4.999794102492537,5.79813686751137,4.699229823031378,0.15829184175595848,4.397433370040554,5.017872032926391,6.675082956475509,0.2266135514303431,6.243310911301037,7.1314907074679965,1.000004495867569,0.022120266579747788,0.9568887296759727,1.043567611056789
70,8,10000000,5.435746667383296,0.20204957715174668,5.056718204138024,5.848792381128318,4.754787006942552,0.15706389392440795,4.455366035631414,5.070951162652237,6.752853628835371,0.22483206104329118,6.324510590345319,7.205767671353307,1.0000010703951097,0.021295461631024935,0.9584474459006483,1.0419416350835942
75,8,10000000,5.485015222398062,0.2004100627341725,5.109088640076201,5.894662990730778,4.805908579581559,0.15588156300829317,4.508937407691018,5.119795465848776,6.824436326622272,0.2231218398835302,6.399544460625649,7.274115574693488,0.9999958261039592,0.020563922877310195,0.9598926806471366,1.0404881850756693
80,8,10000000,5.530884613963994,0.19896832918779073,5.15761753404777,5.937540915497073,4.853535885588324,0.1547814000492399,4.558546963701569,5.165198741371744,6.8911395212706905,0.22153581195655297,6.46928434578584,7.337573423178343,1.0000041528003107,0.01991254844772848,0.9611559795142723,1.0392136582726934
85,8,10000000,5.5736880091387295,0.19770504971625838,5.203162530397399,5.978087227721449,4.897956883429723,0.15385922234775162,4.6049111955425515,5.207997875763164,6.9533816167836155,0.22020874630403534,6.5342665418566055,7.397429562019421,0.9999991283505126,0.019303387158543992,0.9623603773086276,1.0380216128195485
90,8,10000000,5.613603246505216,0.19637541122931992,5.245617665277378,6.015202320276603,4.939325796676956,0.15289409568628567,4.648207298771398,5.247498819525153,7.011359013436428,0.21880667935067358,6.594996360073702,7.452636226023223,1.0000004533971363,0.018744595082939124,0.9634309177458862,1.0369209960566967
95,8,10000000,5.651259823223376,0.19537854787609482,5.285505945212474,6.051053984871268,4.978421090053915,0.15211406597710367,4.688817077511308,5.284982580155932,7.066156201593511,0.21767886215817261,6.652029998214361,7.505092491806464,1.0000089872478515,0.01824518593733105,0.9644180156554653,1.0359151214998552
100,8,10000000,5.68670211610561,0.19428303484659146,5.3229965389862155,6.084285324446478,5.015198002042803,0.15127322985271194,4.727398012404621,5.320228093094323,7.11772898329159,0.21646939888582764,6.70604640712853,7.554430279499818,1.0000007224922254,0.0177756028151278,0.9653111706851097,1.0349904429501764
2,9,10000000,1.7725018421042387,0.30884835556279133,1.2000325737433144,2.4076673055493316,1.128398384577638,0.20093205587213495,0.758131679477812,1.5437304936168619,1.7725018421042387,0.30884835556279133,1.2000325737433144,2.4076673055493316,1.0000270761344234,0.1742490251043879,0.6770458780239809,1.3583808144394223
3,9,10000000,2.4087250119473085,0.297407373554846,1.8482703930050401,3.012543436580055,1.69254897505965,0.2094446978526618,1.2979480058778246,2.1178147428315626,2.5395571131593173,0.30890649478174753,1.9557336817729476,3.1650159503837605,0.9999804465778952,0.12103228532144021,0.7709628719813559,1.244810782320577
4,9,10000000,2.793373770779458,0.28524176145079994,2.2531447563984797,3.3706422612348885,2.058741156393636,0.2073601255698576,1.6645045388931028,2.4770918566671067,3.0339771361067354,0.30178281414901315,2.4595635915484264,3.6419434217715594,0.9999877530611716,0.09800846349455403,0.8129768368406863,1.196937531502728
5,9,10000000,3.065862354913681,0.27557470634304987,2.543191153929269,3.622809007332344,2.3259300511782253,0.2036194675933561,1.9376824642667156,2.735467149947352,3.3957967190730147,0.2946805252944861,2.833473942548768,3.9879883348314253,0.9999999598521635,0.08452104018763791,0.8380185553725545,1.1691655138554073
6,9,10000000,3.2751882141269384,0.26768811071203635,2.766988154518656,3.8159482629452617,2.534403402099533,0.19982732553552504,2.1527411364678493,2.935646108624294,3.6791403300671703,0.28829879723673363,3.128082374120237,4.257639739023684,0.9999880144064417,0.07538690271761038,0.8550167558256595,1.1504082417266248
7,9,10000000,3.444311843772863,0.26137093970615666,2.9482553940043563,3.9721228300211027,2.704438574014233,0.19640566297749462,2.32892793307824,3.0983559465771364,3.9110703833432092,0.28288650902759643,3.3702862914771847,4.47845699496086,1.0000188975211468,0.06872178661388727,0.8677414817189273,1.1369581403230582
8,9,10000000,3.585353605318738,0.2558831998917127,3.0995995695396124,4.102289368094475,2.847186037624782,0.19320337278627867,2.4772333089038074,3.2344410493687463,4.106270629460813,0.27795662268248034,3.5741360786207323,4.663427872605484,1.0000036208017258,0.06354013970529483,0.8774719206302705,1.1264657673733143
9,9,10000000,3.7062841324689417,0.25131898735252417,3.228969824697782,4.213876228500078,2.970121671797967,0.1904784996227061,2.605293532616381,3.351864517478512,4.274834213175985,0.27382128522947935,3.750514763098202,4.823677505406274,1.000027534625031,0.0593771020222668,0.8853665920174294,1.1180523025786302
10,9,10000000,3.8115355324182505,0.2471841986215136,3.342435545546117,4.311005281190888,3.07749377900514,0.18788179437620878,2.7176854117207445,3.453847474688423,4.422297174024168,0.2699355906633124,3.905665825180628,4.963312326354438,1.0000039871532325,0.05593711143059145,0.8919011619637555,1.1110979215272305
11,9,10000000,3.904782469199066,0.24359020358203629,3.442441794776151,4.397105853802047,3.172839034208978,0.18557746740168682,2.8173947305073126,3.5446932939689457,4.553498090178943,0.26650587547129,4.043210204790429,5.0874261841591455,1.0000016659673576,0.05301799921337892,0.8974695783823474,1.1052465378782697
12,9,10000000,3.988247211166357,0.24035386596671324,3.532392354880229,4.474691581449568,3.258297211841524,0.18344172691435895,2.906941989432149,3.626038605048155,4.671253701577775,0.2633739961488696,4.167032562655998,5.199452015022842,0.999966162315665,0.05051746938474443,0.9021987536123512,1.100216701063621
13,9,10000000,4.06388222538461,0.2375649805797072,3.613683102071365,4.5447154735360975,3.3359308064718265,0.18162826668963197,2.9881376636417554,3.6998627679734524,4.778360014446546,0.26069916513710917,4.279259829714443,5.3009912230938845,0.9999845355483222,0.048364004709578745,0.9063227930204893,1.0958978165146338
14,9,10000000,4.132777033982482,0.2349579686943066,3.6874820627779066,4.6081852429336685,3.4067153297671275,0.1798952733199838,3.0621614934097328,3.7671429433403203,4.876111521389617,0.2581404997043924,4.3819690836493095,5.393654207229192,1.0000012037168087,0.04645578192359663,0.9100400438832579,1.0920817282695936
15,9,10000000,4.196122225252452,0.2325704332356618,3.7552629552259873,4.667046488694096,3.4718835554182434,0.17829939371067005,3.1305280843936267,3.8294137500553793,4.966189942529427,0.255813566883925,4.4765673441887355,5.479458117699802,1.0000283438947999,0.04474672068078434,0.9133199609028128,1.0887128874037122
16,9,10000000,4.254523975705382,0.23026677232896056,3.818241039945051,4.720838835794188,3.532002814350427,0.17664490126425195,3.1935555889566123,3.88599318582055,5.049389587753245,0.25340119198382266,4.564078169899005,5.557386983535509,0.9999949938133398,0.04318567182309547,0.9162448912737624,1.0855790856058847
17,9,10000000,4.308467360916919,0.22837856888726038,3.8759651849395267,4.770794329357842,3.587742623087581,0.17540827999251507,3.2517949731600213,3.939284036609716,5.126535467193052,0.25157388785573176,4.644864313271465,5.630962388782177,0.9999665676663722,0.04183423110403333,0.9188615247908587,1.0827788621204282
18,9,10000000,4.359311018666089,0.2265233709571526,3.9305208370205147,4.818257956894439,3.6401058310003673,0.1740823587317831,3.306801497338206,3.9891576354115275,5.199108752361405,0.24966601287616647,4.721386712415081,5.700033116781886,0.9999989247127652,0.04055898301056021,0.9213246335797177,1.0802711255053812
19,9,10000000,4.406570567084784,0.22481364615803093,3.980900137050783,4.861973650930932,3.6888931930106073,0.1729185175772935,3.357565432454511,4.035329249661318,5.266756458958067,0.2479591287758278,4.791819241300687,5.763754722783714,0.9999745702263619,0.039427176610759465,0.9234457075406762,1.0779783268534455
20,9,10000000,4.451200391089385,0.22317606933470138,4.028675487104675,4.903215105235671,3.7349278748327164,0.17178301124599993,3.405906428291954,4.079203605891213,5.330618137121234,0.24630824620414804,4.859253346259266,5.824567454948677,0.9999991437265465,0.038358873483219924,0.9254841440083411,1.0758838776323436
21,9,10000000,4.493238468097864,0.22162932595813015,4.074045938299184,4.942707795424902,3.7783027418716646,0.1706887851410568,3.4517169238362704,4.120651731588666,5.390821354655868,0.24472310075713075,4.922747443218646,5.881932258439095,0.9999904425213512,0.03738653008179965,0.9273975913797677,1.0739155950191501
22,9,10000000,4.532949767115914,0.22022340540275823,4.11653138883364,4.979407888539066,3.819315559351175,0.16967794106289888,3.4945159818875142,4.15947367726941,5.44778240478631,0.24325599683805976,4.982402283190304,5.935720100927187,0.9999896186577456,0.036468720956322656,0.9291606027949784,1.07210216137871
23,9,10000000,4.570678197136641,0.2189128141775746,4.1565315734549175,5.014658941863074,3.858306461247589,0.16871877732459806,3.535438826631403,4.196536371703317,5.501952762958634,0.24186695581063394,5.039413899040179,5.987104165696448,1.000011428433803,0.03562825042348226,0.9308070285557338,1.0704638661374783
24,9,10000000,4.606392874234619,0.21757159481955912,4.194882962281959,5.047436064859979,3.8952383195223166,0.16778867688278593,3.574187233191884,4.231686444009025,5.5532924079552775,0.24050885965413768,5.093229351940937,6.035917861899737,0.9999866257482678,0.03484016569081867,0.9322616611898344,1.0688454571964863
25,9,10000000,4.640506446690335,0.21638381234136497,4.231304142363103,5.079467166127703,3.9305862292337364,0.16700291222411917,3.6108167018428436,4.265383446584988,5.602433266256199,0.23936151174371476,5.144391949230589,6.082561605748696,0.9999925376391757,0.03412247124756219,0.9336492732660662,1.0673979767349668
26,9,10000000,4.672948972430083,0.2152000097597409,4.2663127233073475,5.109662315169741,3.9641698951529505,0.1661283193056525,3.646277428966014,4.297331553335144,5.649121769095827,0.23809379469486214,5.193760192689361,6.127044064653347,0.9999840449623991,0.033415089089571574,0.935051742417062,1.065995402863833
27,9,10000000,4.704262825128002,0.2142344346751406,4.299459186502536,5.139133253453023,3.996533369403741,0.16541649083389323,3.6801396756000133,4.328392947325825,5.694177410224993,0.2370902652066234,5.240984878233909,6.17007862387706,0.9999988825542556,0.032761926480243043,0.9362957441994113,1.0646959306981298
28,9,10000000,4.734221671635011,0.213167100460658,4.331376796832,5.166824618116013,4.027526963529438,0.1646776984751732,3.7123593478936203,4.357650330474113,5.737320962343031,0.23599706332356102,5.285873909906461,6.210805763313632,1.0000196876331058,0.032148670875972764,0.9375173949050581,1.063503609693212
29,9,10000000,4.762812649530819,0.21219723372856508,4.361842393294693,5.193552099525472,4.057103642659266,0.16394999416786926,3.743415814829802,4.386032963375974,5.778487870808656,0.23494656877203687,5.3291867030899045,6.2502217022966,1.0000164822310693,0.03156998369758781,0.9386124988692461,1.0623637717211982
30,9,10000000,4.790218976537295,0.21126831669065466,4.391080946364113,5.219089374034874,4.085502118046436,0.16330240985675334,3.7730734987855676,4.413075176843526,5.818041390754862,0.23400710851027126,5.370532480362687,6.287791070602638,0.9999948178738624,0.031018989135208157,0.9397102963247266,1.0612737793064209
31,9,10000000,4.816521632268026,0.21031320695310274,4.419318497096888,5.243579411843833,4.1128544365064625,0.16261929445919202,3.8016151351441367,4.439258256110756,5.856131282525228,0.23301762011721494,5.410421326698579,6.324143627697191,0.9999838621741673,0.03048885516220428,0.9406566525315454,1.0601671177979621
32,9,10000000,4.8422785069933605,0.20943226948560228,4.446580722142209,5.2676809693523445,4.1394129404498905,0.1620284703300264,3.82951808787055,4.464551272973508,5.893145710801014,0.23214927864459353,5.449434554935002,6.359260469423697,1.0000128107769097,0.030000841938121494,0.9416172136257361,1.0591987679825159
33,9,10000000,4.866801938632972,0.20860806405676566,4.472879423506334,5.290338762098473,4.164833057577513,0.16140334434739062,3.8562255512117596,4.488723422917304,5.928586422697243,0.2312500523611505,5.486675158517377,6.39288603924617,1.0000013694551233,0.02953029875809614,0.9424878344630283,1.0582733419628199
34,9,10000000,4.89058820522563,0.20785434038422235,4.498069594628547,5.312661236990301,4.189442976400009,0.16078718112859985,3.8818671224069092,4.511940977625523,5.962891727227487,0.23037400774850064,5.522514991502783,6.425292578057581,1.0000001722150003,0.029065659881924836,0.9434061122607246,1.0573421581803584
35,9,10000000,4.913484138376814,0.20708282235151249,4.522606828165286,5.334151694569809,4.213120481400994,0.1602374339332382,3.906677499493823,4.534643749163559,5.995908808849339,0.22957125777919227,5.557189786266985,6.456813283308399,0.9999770542701639,0.028642096736079183,0.9442206293423341,1.0565051093170794
36,9,10000000,4.935725333208004,0.20620593848152374,4.546650569345985,5.354708444316481,4.236264004702297,0.15963805614127977,3.9309515472044505,4.556562829034057,6.028181168858112,0.22869989385136258,5.591086288509623,6.487370033496914,0.9999991707126556,0.028206609078921932,0.9450818299988913,1.0556457425967132
37,9,10000000,4.9572940780533115,0.20553528649002303,4.569661154873247,5.375213503033015,4.258569954167599,0.15915955809366214,3.9540804585430673,4.578142337154042,6.059293239261129,0.22801397580487345,5.623429640796908,6.517296533124292,1.0000118876447504,0.027818983292967215,0.9458599325148802,1.0549062869413848
38,9,10000000,4.978272906369744,0.204987486262167,4.5914027970765465,5.394877924584721,4.28026352674653,0.15874658239731212,3.9767752101871072,4.598863451180439,6.089573573381449,0.22740854695805732,5.655079063234621,6.546296205604057,0.9999972232828154,0.027455623274774247,0.9465543661530957,1.0541907876134327
39,9,10000000,4.998463840359273,0.20416222150820879,4.613380799152027,5.413507872143334,4.301242309893617,0.15818617201546892,3.9986520567249246,4.618869640275884,6.118834392348911,0.22659196247684163,5.685696654488982,6.574093879386844,1.0000118477757223,0.027073071129979445,0.9472588546928309,1.0534087716159162
40,9,10000000,5.018061591670133,0.20357596907147268,4.634090875471765,5.432157388002599,4.321569207374445,0.15771891670551855,4.020062460906687,4.638331453162775,6.147203765601693,0.22591917299240397,5.715610571820062,6.6011569491401785,0.9999919986873707,0.026732652141541205,0.9479260384345092,1.0527337575457139
41,9,10000000,5.037229383985908,0.20304845229751708,4.654295457177916,5.449915921050501,4.341426715989298,0.15733209129198844,4.040746324830105,4.6573278541295515,6.174928041809381,0.2253563651965883,5.744544318608889,6.627572305467829,1.0000126953228763,0.02640343811511028,0.9486034641712161,1.0521134992076513
42,9,10000000,5.0557366524135805,0.202363201554151,4.674166617367313,5.467360527892862,4.3605716919585005,0.15684145616645268,4.060670514702386,4.675467019012933,6.201653672161747,0.22465356709228462,5.772399916914602,6.652983499116547,0.9999946555499741,0.026067011450036735,0.949208905516564,1.0514005795352872
43,9,10000000,5.073836027928017,0.20170471984733174,4.693561094670999,5.4840395092288,4.379368275773339,0.15635159143024938,4.080539934406397,4.693246805604746,6.2278996908525315,0.2239406173458245,5.80002869800053,6.677688099298872,0.9999884739997672,0.025759399377068677,0.949805731070377,1.0507726758227875
44,9,10000000,5.091365188906193,0.20117681204456928,4.712112858551727,5.500539918913876,4.397632588215836,0.15601891092990636,4.099587340645975,4.710910062424846,6.2534024158160175,0.22345130813955208,5.826792910895793,6.702374821896295,0.9999950764799866,0.02545768203163853,0.9504267770873895,1.050209043023847
45,9,10000000,5.108395838913098,0.20065057895335459,4.730219290817127,5.516271752061275,4.415339999457444,0.1556113629187151,4.11795347586511,4.727973959822321,6.2781291177039575,0.22287250890601248,5.852384840655574,6.726329095074427,0.9999849689001507,0.025151465728441253,0.9510029991476885,1.0495786942362473
46,9,10000000,5.125366324103573,0.20012068754641885,4.7482243311834536,5.532361248644709,4.4328322460616,0.15519280979499622,4.1362791903501845,4.744580569985536,6.302566947929076,0.22227394794393612,5.878064224003986,6.749271979235024,1.0000053662053248,0.024883478715138695,0.9515347147184898,1.04906173499947
47,9,10000000,5.141559048040719,0.19957547141454693,4.765362587945886,5.547635017378219,4.449700302750135,0.15479195462300369,4.153783799446767,4.760788191860699,6.326132184079908,0.2216835832012131,5.902670710423324,6.771917925970305,1.0000059793078608,0.024603411384508098,0.9520577926771362,1.0485088213146103
48,9,10000000,5.157614808774807,0.1990585054538869,4.782407466802964,5.56249011745933,4.466193333838648,0.1544684142887113,4.170909497380434,4.776312423904331,6.349193718608766,0.22121005288547435,5.926675236111327,6.7934859098457725,0.9999978755444089,0.024347538076676105,0.9525425087536703,1.0479737731948882
49,9,10000000,5.173119710695271,0.19853295407670332,4.799165440425868,5.577084115788947,4.4823410672250885,0.1540434230518255,4.188043180135262,4.7918895193645925,6.3717435664101485,0.22059368626584766,5.950554742301402,6.815371632259174,1.0000046324743133,0.02408745179676835,0.9530693970544805,1.047509814438973
50,9,10000000,5.18828838620994,0.1980339556273166,4.815225073458753,5.59126923529457,4.498087836355078,0.15367394478368152,4.204518466655655,4.806762945206187,6.393752381257866,0.22006497882125678,5.973577307958573,6.836168622402512,0.9999985836054363,0.023836312694696007,0.9535468861960382,1.0469845789131431
55,9,10000000,5.2595322173055825,0.19580270667964597,4.8907469257752165,5.65827977436393,4.571999375234748,0.15209779971381726,4.281324713452302,4.877443086975918,6.4970788871702805,0.21778130386000566,6.081104768705767,6.934849643406181,1.000006731279557,0.02270466254286262,0.9557428028527999,1.044773416835591
60,9,10000000,5.32358100577171,0.19379121505023064,4.958746595289414,5.718248539731277,4.638454527478703,0.15058139393678657,4.350896492554801,4.9412221878919835,6.590034324381649,0.21559250374051228,6.17860055008958,7.023643561457452,0.9999925670829222,0.021721778390967558,0.9576509157690725,1.0428032089481012
65,9,10000000,5.3822669065878435,0.19202558503518002,5.02091648580459,5.773510728469453,4.699240876539186,0.1492565605578353,4.414164204763268,4.999094832749985,6.6750981910770015,0.21367743834252853,6.267322118278395,7.104649136108807,1.000005841131112,0.020857753750488112,0.9593288374068244,1.0410936935487582
70,9,10000000,5.435715234567231,0.19045908265858272,5.077495903059627,5.823951539969604,4.754782644420902,0.14804863220745573,4.472016525133064,5.052569281723821,6.752845496402796,0.21192726280120863,6.34840322569093,7.179315853693596,0.9999993801792156,0.020075842679755852,0.960832759406558,1.0395491510060721
75,9,10000000,5.485011392642839,0.18894319843603666,5.129759778017396,5.870603628684022,4.805918662791961,0.14696272446962136,4.525511196156089,5.10165721677049,6.8244492619241655,0.21035707000602735,6.423372858086559,7.248006677519885,0.9999981785903111,0.01938718520845466,0.962155026651938,1.038168961052255
80,9,10000000,5.530864274559104,0.18758148263713353,5.178000649807118,5.913491086024947,4.8535059387319786,0.14592376870289273,4.574954342268914,5.146863340690795,6.891097430425635,0.20885804878943667,6.492709908354913,7.311382487992997,1.0000009332153978,0.018772465817561663,0.9633606106394188,1.036957618206731
85,9,10000000,5.573687570237817,0.18642568499280757,5.223384015120209,5.954183257582354,4.897960939134733,0.14505972614089518,4.621294676149519,5.189853130179862,6.953387687366057,0.2076161149337881,6.557685987581126,7.371473943620888,1.0000012424294893,0.018199594830084334,0.9644949523150541,1.0358309546744762
90,9,10000000,5.613608253989247,0.18516470685412104,5.26556092723862,5.991505491838535,4.9393312264875595,0.1441690254614052,4.664375477443225,5.22944687359996,7.011365596380711,0.20632014775062268,6.618131992048119,7.426855873575615,1.0000004810030212,0.017676963018359068,0.9655105465629319,1.0348145144909027
95,9,10000000,5.651237730057134,0.18420766881177703,5.305349600202222,6.027270947079378,4.9784424721829925,0.14344437657812012,4.704773104698594,5.267048176607465,7.066183278047326,0.20527067765460758,6.674818683504683,7.479418543056113,1.0000103942303664,0.017200717329147304,0.9664415367545732,1.0338586128295841
100,9,10000000,5.68670962244878,0.1831570476414047,5.342892517014385,6.06060245123623,5.01519589555351,0.14262882934008292,4.7432482699003415,5.302373606237069,7.1177248946901095,0.2040987152335045,6.72880901887322,7.528818982664664,1.0000018228753789,0.01676058259093657,0.9672691433426323,1.032988573609636
2,10,10000000,1.772529638953351,0.2930145382600741,1.2275550606926193,2.3736616430920585,1.1284236754477401,0.19062749262405612,0.7758775227568911,1.521566986523591,1.772529638953351,0.2930145382600741,1.2275550606926193,2.3736616430920585,1.0000427588271494,0.16531575031438644,0.6925737784741077,1.3391951738993877
3,10,10000000,2.408723015795145,0.2821482589384465,1.8761078388860004,2.9807528145643705,1.692552069578632,0.19870370881027383,1.3173494304184759,2.0953855177785736,2.5395579592884334,0.2930608150443635,1.9847136414076318,3.1320800051036084,0.9999797748604518,0.11482261433332683,0.7823778491649036,1.2319012055877905
4,10,10000000,2.793325927688565,0.2706288691932019,2.279844241276887,3.3399433335442215,2.0587208075359547,0.1967396740296041,1.6843857019828494,2.455145658983051,3.033935274187213,0.28632749357757864,2.488230085696703,3.6099247301744444,0.9999742973599804,0.09299009707320756,0.8222969406018963,1.1865698981475385
5,10,10000000,3.0658578307141027,0.2614104452728786,2.569190526019239,3.593342092800334,2.3259258154945917,0.19316513773720964,1.9572204776530178,2.713745470352483,3.395792958897257,0.27954348757445235,2.861666437369589,3.956612359430285,0.9999975616712209,0.08018284009300462,0.8462080139418694,1.1603143373291718
6,10,10000000,3.2751769788445695,0.25395845715326737,2.7922186248692205,3.787329550302764,2.534390213755872,0.18957472131699862,2.1718000953859966,2.9146789888043694,3.6791214081294403,0.2735108175907377,3.1557900873284987,4.227423913946653,0.9999835498898192,0.07152026722510552,0.8624045246785303,1.142614307523474
7,10,10000000,3.4443269336264746,0.24798104741122778,2.9728634907074545,3.944337249302934,2.7044435757622884,0.18631821278082736,2.347697096253695,3.0777263383050273,3.911075175987728,0.26836530213387416,3.3971058071249063,4.448686812652512,1.0000216766009715,0.06519751002679726,0.8743939263055637,1.1298638562456171
8,10,10000000,3.5853671466639816,0.2427846602508638,3.1236102599470263,4.074910021942955,2.847196755754502,0.18331508153928178,2.4957448127166577,3.214274463793101,4.106288552957561,0.2637322392451801,3.6007326774261874,4.634378447836869,1.0000069460561134,0.06028741211294255,0.883620109102578,1.1199062533571913
9,10,10000000,3.7062556821061663,0.23839977837765572,3.252794335899138,4.187005808193286,2.9700980312658958,0.18070837108639778,2.623773936860748,3.331640473584305,4.274796778940488,0.25976813571349183,3.7768582065431944,4.794613182064807,1.0000160926946688,0.05633150736719055,0.8911649993678543,1.1119236278626898
10,10,10000000,3.8115179074411185,0.2345146676130946,3.365713800268511,4.284572274994596,3.0774844577272007,0.17825195444160408,2.735695545070327,3.4341030115956084,4.42228023332615,0.2561014542063736,3.9312536862741814,4.9346353059046955,0.9999999378109768,0.053065295175737215,0.8974292035105778,1.105351975878615
11,10,10000000,3.904835749835309,0.23108363481475774,3.4654262792284873,4.371101692139536,3.1728638645726472,0.176050845230197,2.8353456425991097,3.5251074803488733,4.553539539428984,0.2528287530244999,4.06888606254605,5.0594458462994085,1.0000099585372946,0.05029310689419312,0.9026764547177633,1.0997606320407423
12,10,10000000,3.988254291537074,0.2280012876110248,3.5549876447991515,4.4487354495278995,3.2583060311488596,0.17402473124566523,2.9244770810814074,3.6067001873529754,4.67126469611141,0.24985539044595678,4.192385717115838,5.171571581280863,0.9999699589520438,0.04792732626807924,0.9071732136239907,1.094976710912796
13,10,10000000,4.063865670235566,0.22537823713905414,3.6359016030616527,4.519159195246133,3.3359447017448645,0.1723081711510138,3.005579139181494,3.6808240178384724,4.778376674479156,0.24732340268484942,4.304283786681272,5.273646595735352,0.9999851643110966,0.045882440666673956,0.9111150308355922,1.0909425615503543
14,10,10000000,4.132767807923547,0.22292946085921445,3.7094890671249168,4.58316047457437,3.4067143874662316,0.1706707588899689,3.0794586239640083,3.74836007956597,4.876106052655999,0.24490676458279714,4.406694697268583,5.366709710847284,1.0000021667096128,0.044073001726660795,0.9145895071235199,1.0873221876046237
15,10,10000000,4.196133709182121,0.22064644235993075,3.7773461174850067,4.642351620656395,3.4718838658735565,0.16915934750474682,3.147546364765213,3.8107037995420403,4.966193392415308,0.24269621449090795,4.50107537020857,5.452547271911408,1.0000285937879188,0.04245570064076696,0.9177082468456004,1.084084742261404
16,10,10000000,4.254510972807777,0.21844633643315509,3.839931304930744,4.696250601031542,3.5319937241119863,0.16757967546044403,3.210483771814069,3.8676154938798217,5.049377205491547,0.2403940413262776,4.588492027206883,5.531056376053822,0.9999912427416915,0.04096877916214876,0.9204698104658325,1.0811140846229061
17,10,10000000,4.308515693955121,0.21664196552097814,3.8973507492700117,4.74626978788272,3.5877702489759065,0.166391393366496,3.2687299688668374,3.9209352495324383,5.126578528928503,0.2386420754681154,4.669157176982479,5.604675640609272,0.9999753467548622,0.03968466137673974,0.9229857166329406,1.0784959202003914
18,10,10000000,4.359304494590499,0.21492442563667719,3.9518427524386666,4.794076207765107,3.640099931665603,0.16515724947972926,3.3235282036647615,3.9707945076332143,5.199101319100038,0.23687167488040609,4.745279163406942,5.673702900585008,0.9999975948111066,0.038475237549239226,0.9252917446401016,1.0761140140678853
19,10,10000000,4.406577713512262,0.2132865823230428,4.001882202648344,4.83781493622446,3.688902996244037,0.1640414427052687,3.3741425635396656,4.017157082672025,5.266767870378972,0.2352279172747253,4.815566358814573,5.73759246258382,0.9999762725563385,0.03740470962226894,0.9273555172563757,1.0739280829256477
20,10,10000000,4.451244953849278,0.21172693047719313,4.0497629732103695,4.879222774713338,3.7349719935811727,0.16296190076559122,3.422487750110865,4.061080792461635,5.330676797439818,0.23365808279779274,4.882901091726501,5.798623205911713,1.0000053308796262,0.03638928891005008,0.9293050839905198,1.0719421651504764
21,10,10000000,4.493238935016787,0.21022806833733165,4.094934916708206,4.918773669078421,3.778303431769479,0.16189417130276765,3.468288841974399,4.102461404734322,5.390823910649272,0.2321180714067912,4.9464341221809045,5.855790025919868,0.9999923598294538,0.03546304748946009,0.9310975213707038,1.070124473159813
22,10,10000000,4.532952653667801,0.20888759912070137,4.13720131117639,4.956028768943919,3.819315939138198,0.1609647528585206,3.5108008725007105,4.141712466647369,5.447783813186726,0.23075921671514243,5.005737287737773,5.910248704058188,0.9999911687495878,0.0345947764874136,0.9327600706294644,1.068379018661678
23,10,10000000,4.570663183188418,0.20764430834784964,4.177318115836984,4.991041147811024,3.8583048832686835,0.16005027496342508,3.551495118981666,4.1788495245665604,5.50194993398692,0.2294364556360089,5.062372348583176,5.961692248198142,1.0000111220053283,0.03379788115836896,0.9343524153673431,1.0668363802568377
24,10,10000000,4.606344611655978,0.20638944373980644,4.215173019855768,5.024132439577066,3.8952165787512185,0.15916125915021775,3.590195953906541,4.213981889738163,5.553258206747626,0.22814259680355847,5.116278808880275,6.010463785149144,0.9999824653077853,0.03305393376795576,0.9356987306310715,1.0653039846858248
25,10,10000000,4.640498990705885,0.20528580868991142,4.2515330620891305,5.056007804175926,3.9306005271932327,0.15840784107691394,3.626939432859935,4.247798668961873,5.602451936687669,0.2270479730759695,5.167471028952608,6.0573090964829515,0.9999927746121475,0.032371353846266306,0.9370352141193591,1.0639338511503302
26,10,10000000,4.672937748131094,0.20413438990093236,4.286341270110903,5.086422694072395,3.964181951572638,0.15757067371549802,3.6621982752647626,4.279792705716321,5.649139572363305,0.2258309764036823,5.216673842527392,6.101816780807102,0.9999826816446736,0.03169376782340555,0.9383593995502008,1.062577675446826
27,10,10000000,4.704314651985006,0.20323080726370896,4.319389409046282,5.116142630989426,3.996567656352555,0.15693124468684952,3.6959029077843457,4.311054850753078,5.6942259934693915,0.22492482606521477,5.26361203922013,6.145116212341183,1.0000089277870534,0.03108072145294107,0.9395685618958308,1.0613739329509764
28,10,10000000,4.734243747959277,0.2021996355881771,4.351390993596183,5.143884885877381,4.027544659724777,0.1562148077832606,3.7282472415765002,4.3403955526291265,5.737345709189554,0.2238702323519801,5.308747928400656,6.186112872671384,1.0000221291742515,0.030496848917469562,0.940696344872793,1.0602316056701113
29,10,10000000,4.762817952185456,0.20130454189195673,4.381743085885373,5.170615333134647,4.05710518614068,0.15553007465881347,3.759045615652282,4.36871363647911,5.778490232259715,0.22288470058377072,5.351787782098497,6.225314466545329,1.0000170348568018,0.029947619345019036,0.9417336259071691,1.0591180249459053
30,10,10000000,4.790242395112893,0.2004039271148463,4.410778700615043,5.196199758342866,4.0855167644951536,0.15490230184616105,3.7888125962835173,4.395780881182243,5.818064106479593,0.22196846768739,5.393117781967829,6.262879549107358,0.9999947572301011,0.02942314141708665,0.9427720140731928,1.058099297642829
31,10,10000000,4.816542972581384,0.19953087739738803,4.438826621876825,5.221095044478075,4.112873084545396,0.1542844525108991,3.8172661807251007,4.422092935957157,5.856158992636854,0.22107068306238054,5.432838735478963,6.2995950644119665,0.9999830659087673,0.02892324380187655,0.9436950339705811,1.0570605098164287
32,10,10000000,4.842286166262181,0.19869573777537552,4.466359970696431,5.244963052472385,4.139402415325425,0.1537167739890397,3.8449992088048384,4.447549187000136,5.893134430880395,0.22024253121166304,5.471624665921699,6.3349676031754605,1.0000125418623949,0.028460663229947305,0.9445978160240678,1.0561640001966854
33,10,10000000,4.8667833743162054,0.19788243324664267,4.492287458417894,5.267947663686479,4.1648100184047285,0.15310394751637074,3.8715500535874123,4.471676005466754,5.9285546349797835,0.21935857149766944,5.508626710217599,6.368514608537029,0.9999977133449711,0.028015643607740316,0.9454388472980174,1.0552727977145533
34,10,10000000,4.890606569325219,0.197189747517859,4.517511639755238,5.290358488513018,4.189453710389986,0.152562586102183,3.8972400007327015,4.495162416919399,5.962905321456313,0.21858785843788323,5.544508911863774,6.401157706895842,1.0000041484938784,0.027574752185574765,0.9462865925531628,1.0543859009564809
35,10,10000000,4.913501091809553,0.19640404893198005,4.54205919966422,5.311944437198014,4.213135832624934,0.1519800889234954,3.9221423983751382,4.517817953301383,5.9959294921237305,0.21773800332374174,5.5792054579001,6.432469160716722,0.9999808947013257,0.027165761363500858,0.9470688821641674,1.0535732707264482
36,10,10000000,4.9357181506814705,0.19561338137890075,4.565763660302735,5.33234440191686,4.236274305923101,0.15144266480323243,3.9463218847456814,4.5398912245857765,6.028197105209391,0.21696015154467876,5.613005223861369,6.463395309300969,1.000000768349178,0.026757957551229887,0.9478861025846185,1.052792512218922
37,10,10000000,4.95729490572649,0.19500893561509638,4.588834966627714,5.3529892981584535,4.258557450993268,0.15099253095032175,3.969521915726236,4.561469630784208,6.0592782998098365,0.21631325052196182,5.645538169157238,6.4934058531434555,1.000010862935992,0.026390469849925612,0.9486443331350892,1.0520846147356453
38,10,10000000,4.978247392484858,0.19445856124352598,4.610556902776797,5.372678660751138,4.28024311119457,0.1505850886068985,3.9918949174819027,4.582037466959504,6.089542925853824,0.215718621236076,5.676790079208997,6.522088135750852,0.9999989920425514,0.026043954218952125,0.9492842272491254,1.051375686446318
39,10,10000000,4.998464061050221,0.19370339163342354,4.632329981916951,5.391452740382404,4.301244968491489,0.15007907584798083,4.013954229451031,4.602207812770492,6.1188402632314824,0.21498168691362193,5.707553934106575,6.550183879768502,1.0000132128169772,0.025686687416699997,0.9499506978764248,1.0506629349338779
40,10,10000000,5.018049882104218,0.19311935729703217,4.653123536281884,5.4100115825033575,4.321570592256145,0.14961381558754155,4.035195053682708,4.621582575457344,6.147203078450606,0.21430934230078272,5.737281721767522,6.577185908517832,0.9999963989347233,0.02535815966495697,0.9506002526774606,1.0500217533190972
41,10,10000000,5.037220215129884,0.19263479033558625,4.673126254115188,5.428056868330966,4.341425884211556,0.14925451231752632,4.0558180961913015,4.640606181659332,6.17492649905579,0.21378754869580785,5.766063757102827,6.603762395598934,1.000012378652013,0.025044414533281555,0.9512317963298077,1.0494133590395462
42,10,10000000,5.055717896510428,0.19197964425006514,4.692900986051546,5.445694230709583,4.360555456557342,0.148798567496274,4.075659427335469,4.659054665015992,6.201632119768049,0.21313086171536821,5.793838367207185,6.629388629639709,0.9999907035821447,0.02472952047629297,0.9518074586347677,1.0487495026879492
43,10,10000000,5.073870536968049,0.19132800279927364,4.71235028815713,5.462172675440902,4.379406531030886,0.14832823020079736,4.095510778002306,4.67693934281009,6.227950425054411,0.21244346992931953,5.821534232610196,6.6542696623685345,0.999997391132139,0.02443621567423062,0.9523585210504375,1.0481581388369483
44,10,10000000,5.09135926789811,0.19084957377526396,4.730878449789389,5.478844091517315,4.397630826783879,0.14801665872579878,4.11435340954215,4.6945074540701075,6.253401057243072,0.2119892027404423,5.847926476306613,6.678784031566584,0.999994727452182,0.024148964467057454,0.952945593922304,1.0476122088384723
45,10,10000000,5.108433525504083,0.19035574535760857,4.748698978877875,5.494886376787717,4.4153517944037635,0.14761969495683192,4.132821782198244,4.71164064305647,6.278146836505386,0.21142795418195492,5.873782165362539,6.70282181100527,0.9999861056993512,0.023861687135566263,0.9534998709914437,1.0470127481168996
46,10,10000000,5.1254169203352085,0.18986281827256224,4.766694051829685,5.510805982275293,4.43285618443296,0.14723080070749828,4.151126852951999,4.728181425616195,6.302604031817856,0.21087005007047874,5.899397438543146,6.725835908639108,1.0000086595052553,0.023604346164137778,0.9540114878314668,1.0465349935849766
47,10,10000000,5.141559158345933,0.18934014078233277,4.784014998137934,5.5261389959819605,4.4496938877929475,0.14684629285218873,4.168624044921411,4.744420763137312,6.326122060699915,0.2103039808550852,5.9237877331133735,6.74850245462775,1.0000042326348184,0.023338337945130135,0.9544907197269878,1.0460184270852886
48,10,10000000,5.157643367906436,0.18883460438284458,4.801171970780929,5.541110203580266,4.466210023989219,0.146539471308668,4.1857447796465905,4.760100958692447,6.3492153265111435,0.2098534132112928,5.9479158243240935,6.770319176466792,1.0000013339956588,0.023094667984177305,0.9549840348194222,1.0455086585165618
49,10,10000000,5.173130352291809,0.1883221998286738,4.817504064744457,5.555465656603745,4.48234481368701,0.14612890060239186,4.2026987551147625,4.775608471654402,6.3717508094258095,0.2092580745188445,5.97158741907735,6.791920029944112,1.000002758158721,0.02284833870281455,0.955456047002897,1.045046975748112
50,10,10000000,5.188308673082109,0.18788301680580768,4.833741259600248,5.570208020540104,4.498106177497322,0.1458123820176977,4.219240453368772,4.790556857632381,6.393778276651496,0.20880751488180863,5.994662176911532,6.81289275420847,1.0000000282266703,0.02261678749617189,0.9559265632127211,1.0445788976000607
55,10,10000000,5.259542808767247,0.18576782552773874,4.908963231877794,5.6371351591085785,4.57199963719431,0.14426893475076427,4.295935804070541,4.861403770961701,6.4970796911794775,0.20657391092577393,6.102026697319396,6.911764690115467,1.0000065652872754,0.021537181565255824,0.9579983148275729,1.0424563822762134
60,10,10000000,5.323566428711278,0.18385416059278653,4.9767482214908165,5.697286897496874,4.6384605103469045,0.14285205109686128,4.365273909885103,4.92523366511647,6.590042338659862,0.20452700667373014,6.199093667709146,7.000836553084047,0.9999905398230763,0.020607230057927223,0.9598154117716271,1.0405823886339811
65,10,10000000,5.382248329876897,0.18218493470405248,5.038520924962976,5.7527606710212495,4.699245449711495,0.14160270461442787,4.428382023474185,4.983425454539764,6.675103493939179,0.2027219115272472,6.287636878973597,7.082205919880427,1.0000079658996857,0.019788700120470203,0.9614079684355064,1.0389786548259219
70,10,10000000,5.4357004189509635,0.18066418090304592,5.095157462019021,5.803366535706561,4.754782531956775,0.14043795069597537,4.486308867444416,5.036915350056682,6.7528449709070575,0.2010341451885551,6.368754979372262,7.156942960264316,0.9999966151613884,0.019046287740408067,0.9628216356665801,1.0375044952997916
75,10,10000000,5.485018910332901,0.1792409995865533,5.147443393892287,5.849999805820521,4.805912794220522,0.13941229431588162,4.539554082669558,5.085982034130195,6.8244408895305275,0.19954944707696382,6.44344627903156,7.225628469195725,0.9999988066995492,0.018394802848503044,0.9641020023456672,1.0362043266495318
80,10,10000000,5.530896990512536,0.17796844813623322,5.195513970270117,5.893014633250423,4.853526603620594,0.1384540509614599,4.588935932303243,5.131582750941397,6.891128772015612,0.1981681662790137,6.5126472779934454,7.289489950808086,1.0000041164714524,0.017809882456766023,0.9652394849291939,1.0350573550618392
85,10,10000000,5.573646747174174,0.1768719482746679,5.240568864384789,5.933991532513092,4.897940748508912,0.13761723547966567,4.635154320284596,5.174581384576227,6.953357249530026,0.19696444742031113,6.5774517435227935,7.349609092268757,0.9999993709159752,0.01726564074157671,0.9662990330846122,1.033981121242087
90,10,10000000,5.613600463403759,0.17565988383068373,5.282857786489655,5.971378774423709,4.939326454964207,0.13677343655974641,4.678172805502824,5.214302861376613,7.011358759001653,0.19573799593995245,6.637845522643718,7.405148270746108,1.0000015882886326,0.01676868373267387,0.9672744673760407,1.0330246751011452
95,10,10000000,5.651253801476787,0.17477031223751413,5.322217010660031,6.007325570512063,4.978459735487051,0.13607175002859892,4.718436031360668,5.25194677616687,7.066208011740161,0.19472192662735255,6.694332520510149,7.457872298495152,1.0000107739594302,0.0163169864398683,0.9681583095805956,1.0321311839548097
100,10,10000000,5.686705337475458,0.17375873782763418,5.359626648100381,6.04064742336329,5.015193657318887,0.135318507130572,4.756849035448814,5.287233755949112,7.117720186165125,0.193635826281975,6.7481556029865315,7.507191481013086,1.0000030246676859,0.0159013159377562,0.9689470527039888,1.0312783636940899
